city_id,taxon_id,lat,lng,collection_id,dbh_in,condition,planted_year,address,recorded_on,source_id
BTV-886,quercus-macrocarpa,44.474829,-73.190863,central,14,fair,,284 East Ave,2014-04-15,{9766CA1F-B080-4BBB-BB86-E76703FA6659}
BTV-887,quercus-rubra,44.474706,-73.190830,central,8,fair,,284 East Ave,2014-04-15,{F3AAC57F-5489-44FE-AE35-151BAF82B58E}
BTV-888,quercus-rubra,44.474623,-73.190811,central,9,fair,,284 East Ave,2014-04-15,{6B5EFC9E-D3BE-4315-A9A8-E5B98064848A}
BTV-889,quercus-rubra,44.474513,-73.190780,central,9,good,,284 East Ave,2014-04-15,{B203166A-67DB-427D-88B6-067BDBCBFA7F}
BTV-890,quercus-macrocarpa,44.474411,-73.190758,central,17,fair,,284 East Ave,2014-04-15,{F614A988-C784-41F5-B6EB-1E852B7BA095}
BTV-891,quercus-macrocarpa,44.474302,-73.190725,central,18,fair,,284 East Ave,2014-04-15,{B9556A0B-5397-4A72-8E84-BE05270178E6}
BTV-892,quercus-macrocarpa,44.474241,-73.190707,central,17,fair,,284 East Ave,2014-04-15,{857819F6-7024-4561-A734-8B13ACD5E531}
BTV-893,quercus-macrocarpa,44.474131,-73.190680,central,14,good,,284 East Ave,2014-04-15,{9C3FB24D-E515-4AA5-9D55-92FF5036955B}
BTV-894,quercus-macrocarpa,44.473987,-73.190656,central,12,fair,,284 East Ave,2014-11-06,{5E9EBD61-1C92-40E5-99BA-2E59A7BAC65E}
BTV-1505,ulmus-sp,44.477776,-73.203019,central,3,good,2010,420 College St,2014-05-28,{F78B5D79-1640-47B1-92E0-BDAA5017DEDA}
BTV-1506,celtis-occidentalis,44.480786,-73.203192,central,8,fair,2010,388 Pearl St,2022-08-11,{7100BA6C-1EE0-4F83-840D-A0E9D350A32B}
BTV-1507,celtis-occidentalis,44.480819,-73.201940,central,4,good,2010,416 Pearl St,2018-08-17,{03A7AD9A-079E-46A2-97B0-48BB7621ADC9}
BTV-2371,celtis-occidentalis,44.474830,-73.200555,central,2,fair,2012,194 South Prospect St,2019-03-28,{56D512FE-4CC4-4992-B331-C677DF1470F1}
BTV-2372,celtis-occidentalis,44.475104,-73.200564,central,2,good,2012,194 South Prospect St,2022-06-22,{8729969D-8098-4F56-9FC8-1E2B70519F65}
BTV-2374,zelkova-serrata,44.473988,-73.202508,central,10,good,2012,83 Summit St,2019-03-29,{E443F44C-3436-465A-AB5F-7D2B983EF474}
BTV-2375,acer-tataricum,44.474083,-73.203001,central,4,good,2017,61 Summit St,2023-08-31,{9013A38A-9A7A-4960-9C1B-C11C61E96D39}
BTV-2376,maackia-amurensis,44.474087,-73.202906,central,1,excellent,2019,61 Summit St,2020-03-05,{2DA127EA-16F4-4A4C-834E-7724776C23BA}
BTV-2377,malus-sp,44.474090,-73.202826,central,2,good,2021,61 Summit St,2021-11-23,{60F3C7B9-355E-45F7-9796-6CB046386FA1}
BTV-4864,celtis-occidentalis,44.473984,-73.202633,central,6,good,2018,83 Summit St,2023-09-14,{E2D97810-7D40-4952-8AC6-8B6B65D0D9F9}
BTV-4865,acer-x-freemanii,44.473978,-73.202813,central,6,good,2018,83 Summit St,2023-09-14,{2F9E9F12-7BA6-441C-85AE-ACE8BB536C97}
BTV-4866,acer-x-freemanii,44.473974,-73.202986,central,7,good,2018,83 Summit St,2023-09-14,{0BA7D9D5-6564-4FAB-A00A-EE424C895602}
BTV-4867,quercus-x-warei,44.473966,-73.203284,central,5,good,2018,391 Maple St,2018-06-28,{FCEFE8B2-36B6-42F8-9161-B78C19238458}
BTV-5003,celtis-occidentalis,44.469109,-73.200295,redstone,7,fair,,420 South Prospect St,2013-12-20,{A75816D6-3BF9-425F-B89C-013E5EDDFF09}
BTV-5004,celtis-occidentalis,44.469307,-73.200305,redstone,6,good,,South Prospect St,2013-12-20,{0854DADC-A8C3-4430-981A-28EB09411F63}
BTV-5005,celtis-occidentalis,44.469417,-73.200308,redstone,9,good,,South Prospect St,2013-12-20,{A3C5EDE9-D4B1-4826-9D03-B45EAD5C4DE7}
BTV-5006,celtis-occidentalis,44.469530,-73.200311,redstone,8,fair,,South Prospect St,2013-12-20,{E2204F6B-2AC4-4D4D-9D01-852574E9CD26}
BTV-5007,celtis-occidentalis,44.469644,-73.200315,redstone,9,good,,South Prospect St,2013-12-20,{FEE06AF3-7995-46D6-874B-A197681574D6}
BTV-5008,celtis-occidentalis,44.469762,-73.200320,redstone,8,fair,,South Prospect St,2013-12-20,{541266CC-5890-439A-A9EE-4CC2E251AF4C}
BTV-5009,celtis-occidentalis,44.469901,-73.200327,redstone,10,good,,South Prospect St,2013-12-20,{1CD7587E-B0ED-4A64-A9D2-85473B9C5AB9}
BTV-5010,celtis-occidentalis,44.470013,-73.200333,redstone,10,fair,,South Prospect St,2013-12-20,{360EB1A9-8D56-4A92-AF1B-A65A17A0274C}
BTV-5011,celtis-occidentalis,44.470122,-73.200337,redstone,10,fair,,South Prospect St,2013-12-20,{B9B26E23-F49E-4C59-9176-038D4856EAE6}
BTV-5012,celtis-occidentalis,44.470233,-73.200344,redstone,8,good,,South Prospect St,2013-12-20,{D090778E-7164-4C73-A623-BEEFDAFEDAF0}
BTV-5013,celtis-occidentalis,44.470349,-73.200345,redstone,8,good,,South Prospect St,2013-12-20,{3D52FAAC-89B5-4D7A-B340-DC1B368F3CE4}
BTV-5014,celtis-occidentalis,44.470463,-73.200349,redstone,7,good,,South Prospect St,2013-12-20,{2EB060BC-EB0E-499B-80ED-6B252A2C7AD5}
BTV-5015,celtis-occidentalis,44.470675,-73.200363,redstone,6,good,,South Prospect St,2013-12-20,{C210D92D-114C-4461-9486-E921DA73ABFB}
BTV-5016,celtis-occidentalis,44.470763,-73.200366,redstone,7,good,,South Prospect St,2013-12-20,{53CE49A9-0D58-426E-9EA8-41392F58CF69}
BTV-5017,celtis-occidentalis,44.470880,-73.200369,redstone,10,good,,South Prospect St,2013-12-20,{0D2139CE-A7CC-46E9-8AA4-CA60A37E168E}
BTV-5018,celtis-occidentalis,44.470980,-73.200376,redstone,9,good,,South Prospect St,2021-07-26,{8158CC25-8A9A-4796-B1DF-A2D14C5B12C1}
BTV-5019,celtis-occidentalis,44.471077,-73.200382,redstone,9,good,,South Prospect St,2021-07-26,{B5F44F02-801E-406B-BC91-42B1EB313E4D}
BTV-5020,celtis-occidentalis,44.471174,-73.200385,redstone,9,fair,,South Prospect St,2013-12-20,{CB231D00-FE05-4568-90B6-7DE8F1B68A88}
BTV-5021,celtis-occidentalis,44.471272,-73.200393,redstone,7,good,,South Prospect St,2013-12-20,{7591F7FC-4F66-4667-9D08-040FF85B8EFE}
BTV-5022,celtis-occidentalis,44.471354,-73.200394,redstone,7,good,,322 South Prospect St,2022-06-23,{3B9225EB-DA96-4C1C-B724-9448CFA622EF}
BTV-5023,celtis-occidentalis,44.471455,-73.200401,redstone,9,good,,322 South Prospect St,2022-06-23,{D55CA8A2-68C6-4A0F-AB80-E684A174FE42}
BTV-5123,crataegus-phaenopyrum,44.474675,-73.200692,central,6,fair,,205 South Prospect St,2018-06-27,{5AC61338-5642-4DCF-90A8-C0F5CD872537}
BTV-5124,carpinus-caroliniana,44.474953,-73.200709,central,2,good,2023,195 South Prospect St,2023-07-27,{8198A3D0-F98F-480C-9579-68C60D53211A}
BTV-5125,malus-sp,44.475033,-73.200717,central,2,good,2023,195 South Prospect St,2023-07-27,{E6926138-B2C0-43A5-9F58-94982778B68B}
BTV-5126,cornus-mas,44.475113,-73.200717,central,2,good,2023,195 South Prospect St,2023-12-14,{B5622DEB-9EE9-4CE3-9A0E-014D1A844AA5}
BTV-5127,acer-platanoides,44.475213,-73.200726,central,8,fair,,195 South Prospect St,2018-06-27,{BC327FEC-64B6-4B07-96D0-D4FD86610FC4}
BTV-5128,crataegus-phaenopyrum,44.475394,-73.200734,central,7,fair,,177 South Prospect St,2018-06-27,{59EC2563-88F8-4D87-8D04-E8BE1E9B3433}
BTV-5134,ulmus-americana-valley-forge,44.474756,-73.200554,central,4,good,,194 South Prospect St,2022-08-10,{67D25724-10C8-45DC-9E79-90A5A4CE903E}
BTV-5135,ulmus-sp,44.474912,-73.200559,central,2,good,2017,194 South Prospect St,2019-03-28,{9306E3EB-E09D-4894-9685-5E291CB1AC4C}
BTV-5137,celtis-occidentalis,44.475290,-73.200577,central,8,fair,,184 South Prospect St,2022-06-22,{EAEB00CF-62ED-44A7-8DD2-75DB83C66255}
BTV-5138,ulmus-americana-valley-forge,44.475403,-73.200578,central,7,fair,,178 South Prospect St,2014-04-10,{D0E1F619-BB9F-4766-BB9D-D001D58445D7}
BTV-5139,celtis-occidentalis,44.475612,-73.200595,central,5,good,,461 Main St,2014-04-10,{105AE1A1-6CA3-4CB6-A90D-FBE3D07901AB}
BTV-5147,scandosorbus-intermedia,44.475428,-73.202269,central,7,good,,26 Summit St,2014-12-29,{FFA55DB3-7ACC-4F4C-A2A2-F4612F2203EF}
BTV-5149,cornus-mas,44.475757,-73.202292,central,2,good,2022,14 Summit St,2022-06-28,{47493E7B-F3DB-4126-A0E9-1E38C8C18504}
BTV-5150,robinia-pseudoacacia,44.476073,-73.202314,central,33,poor,,421 Main St,2022-03-25,{E4059B61-1FDF-4C84-BB23-1564BFA00388}
BTV-5151,quercus-rubra,44.476087,-73.202471,central,8,good,,411 Main St,2014-04-10,{7D62FDC9-F1FE-471B-8C1E-5B0F4C58A6F5}
BTV-5152,quercus-rubra,44.476007,-73.202464,central,6,good,,411 Main St,2014-04-10,{673F47D9-347D-4473-889A-3276A77CC1A0}
BTV-5153,quercus-rubra,44.475931,-73.202462,central,7,good,,411 Main St,2014-04-10,{48F61B6F-E498-4EE6-89DD-D0D8CFF7857E}
BTV-5154,celtis-occidentalis,44.475804,-73.202453,central,4,good,,411 Main St,2014-04-10,{C2BFA6FB-6423-465E-AF75-ECDB605EC857}
BTV-5155,quercus-rubra,44.475688,-73.202443,central,8,good,,411 Main St,2014-04-10,{59B2857D-E227-4E2C-964D-A71B532C1917}
BTV-5156,quercus-rubra,44.475596,-73.202439,central,6,fair,,411 Main St,2014-04-10,{08DC8619-9FD5-46FA-BC16-CACD3C6E8939}
BTV-5157,quercus-rubra,44.475437,-73.202428,central,40,poor,,411 Main St,2014-04-10,{5E2064A0-46A2-42FB-AFAB-368A10EC7EE3}
BTV-5158,quercus-rubra,44.475313,-73.202418,central,6,good,,411 Main St,2014-04-10,{BE60093E-0E25-4092-9B3A-4A3C85AAC51E}
BTV-5159,quercus-rubra,44.475228,-73.202413,central,7,good,,411 Main St,2014-04-10,{B103AEBA-72EE-4013-BCCC-73E2FD0D47E7}
BTV-5160,celtis-occidentalis,44.475140,-73.202406,central,4,good,,411 Main St,2014-04-10,{57181505-EB7F-4012-B4FF-C93CE15573FD}
BTV-5161,quercus-rubra,44.475006,-73.202400,central,12,good,,411 Summit St,2014-04-10,{87BD0824-322B-4CDE-85FA-5C50809728FF}
BTV-5162,quercus-rubra,44.474921,-73.202405,central,11,fair,,61 Summit St,2014-04-10,{0DFA907D-34EA-46A7-9BE1-50B86418534A}
BTV-5163,gleditsia-triacanthos,44.474805,-73.202387,central,2,good,2025,61 Summit St,2022-06-28,{D236FC50-5CC4-44FB-861C-8DEB3B65802F}
BTV-5164,acer-x-freemanii,44.474661,-73.202370,central,2,good,2021,61 Summit St,2021-11-23,{7F7723A9-D4C6-4BB1-83B1-CAA6685391C1}
BTV-5166,quercus-rubra,44.474523,-73.202359,central,5,fair,,61 Summit St,2014-04-10,{2819C5A0-53AC-4B98-9D5D-E33A2ED02415}
BTV-5167,acer-platanoides,44.474463,-73.202355,central,12,fair,,61 Summit St,2014-04-10,{E492C156-B6F9-47D0-B422-DB986233B5F2}
BTV-5168,celtis-occidentalis,44.474402,-73.202351,central,4,fair,,61 Summit St,2014-04-10,{9F5F3C3A-9541-4EE2-9981-6D8887C18E27}
BTV-5171,celtis-occidentalis,44.474188,-73.202335,central,6,fair,,61 Summit St,2014-04-10,{124C978C-2D92-4811-82DB-1485902D3550}
BTV-5286,tilia-tomentosa,44.476366,-73.202709,central,19,fair,,146 South Williams St,2023-10-10,{79F359CF-B410-40A1-979F-0A02D16D0801}
BTV-5287,tilia-tomentosa,44.476372,-73.202603,central,11,good,,146 South Williams St,2023-10-10,{DA53AD3B-1E59-4AFF-BD67-699898A284FE}
BTV-5288,tilia-tomentosa,44.476372,-73.202509,central,11,good,,146 South Williams St,2023-10-10,{FB97EE86-35FD-4D9D-919E-EBFE55E9A0D4}
BTV-5289,tilia-tomentosa,44.476379,-73.202261,central,11,fair,,442 Main St,2023-10-10,{98B4BB66-9EA4-476D-996B-274D0648447E}
BTV-5290,tilia-tomentosa,44.476379,-73.202175,central,13,fair,,442 Main St,2023-10-10,{80906DA5-2AC1-4D8F-8007-A70F498F8789}
BTV-5291,tilia-tomentosa,44.476388,-73.202060,central,11,fair,,442 Main St,2018-12-07,{B53D5DC7-4D9F-4118-8971-88968761EA9C}
BTV-5292,tilia-tomentosa,44.476390,-73.201961,central,13,fair,,442 Main St,2023-10-10,{58E0144F-29B4-4F10-B706-670F884CB828}
BTV-5293,tilia-tomentosa,44.476397,-73.201836,central,13,fair,,442 Main St,2023-10-10,{61A0A090-3147-4701-9EC0-4254461CE46A}
BTV-5294,quercus-rubra,44.476400,-73.201667,central,26,poor,,442 Main St,2018-12-07,{D948796E-860D-47D6-ADEF-52AD03F468BF}
BTV-5295,quercus-rubra,44.476405,-73.201543,central,27,fair,,442 Main St,2018-12-07,{C54BE116-4654-4170-A72A-50A6657950EB}
BTV-5296,tilia-tomentosa,44.476407,-73.201407,central,9,fair,,442 Main St,2018-12-07,{2E10416C-53CD-4935-BE72-C6BB9F51B0C2}
BTV-5297,tilia-tomentosa,44.476410,-73.201297,central,12,fair,,442 Main St,2018-12-07,{868CEFD8-6D23-4F09-A237-D0DB66D8F7AD}
BTV-5298,tilia-tomentosa,44.476415,-73.201192,central,13,fair,,442 Main St,2018-12-07,{734A2BE9-A595-451A-BB81-91691D7B217C}
BTV-5299,fraxinus-pennsylvanica,44.476420,-73.200932,central,15,fair,,442 Main St,2018-12-07,{BE1A27F0-FDE6-45C7-A88E-D623CD9E2DCE}
BTV-5301,tilia-tomentosa,44.476253,-73.201330,central,13,fair,,447 Main St,2014-04-11,{5CB19E21-9E03-469D-9AA4-BCF6A7023164}
BTV-5302,acer-x-freemanii-autumn-blaze,44.476243,-73.201506,central,9,fair,,447 Main St,2014-07-16,{5B00A302-684E-42A2-B062-2C68F604891C}
BTV-5303,ulmus-sp,44.476238,-73.201620,central,4,good,2015,437 Main St,2019-03-28,{5C3F2B6E-791B-43A7-90A7-104E344173D3}
BTV-5304,tilia-tomentosa,44.476233,-73.201784,central,12,fair,,437 Main St,2014-07-16,{487AB61E-D145-4249-846E-2176BB22EEB5}
BTV-5305,tilia-tomentosa,44.476227,-73.201991,central,12,fair,,421 Main St,2014-07-16,{184AEA78-EC09-4B61-8F61-B14777050428}
BTV-5306,tilia-tomentosa,44.476221,-73.202122,central,10,fair,,421 Main St,2014-07-16,{16FDAB73-6674-4B2D-9BA5-B069C0B4C24C}
BTV-5307,tilia-tomentosa,44.476220,-73.202247,central,10,fair,,421 Main St,2014-07-16,{C2600757-DB66-47CD-95CE-112CDF70B2EC}
BTV-5308,tilia-tomentosa,44.476196,-73.202622,central,13,fair,,411 Main St,2014-04-11,{D1AED8A3-B74F-4CCA-AF73-9BF1C19AB639}
BTV-5309,tilia-tomentosa,44.476196,-73.202740,central,12,fair,,411 Main St,2014-04-11,{D92C7C3C-FB1F-4815-ABF8-10083B62056D}
BTV-5310,acer-x-freemanii-autumn-blaze,44.476188,-73.202856,central,9,fair,,411 Main St,2014-07-16,{A5F3F5F2-BA3B-4D6E-A339-F26B8EFB7F1B}
BTV-5311,acer-rubrum,44.476172,-73.203067,central,10,fair,,411 Main St,2014-04-11,{819E429B-6E2E-46A5-A10B-D51E8BEBEBC6}
BTV-5312,tilia-tomentosa,44.476172,-73.203176,central,18,fair,,411 Main St,2021-06-03,{740B7124-AA08-4D41-8EAC-5581CB2F072D}
BTV-5313,robinia-pseudoacacia,44.476179,-73.203325,central,31,poor,,411 Main St,2014-07-16,{FA664431-6A6E-468A-B81E-22A9BC73C826}
BTV-5340,ulmus-americana-princeton,44.476115,-73.197956,central,6,fair,,590 Main St,2014-04-15,{C971B3DE-F252-48DA-B3BF-D540BFBFF124}
BTV-5341,ulmus-americana-princeton,44.476055,-73.197812,central,6,poor,,590 Main St,2014-04-15,{39D01DC2-8000-439A-8795-07E80E6D96F5}
BTV-5342,ulmus-americana-princeton,44.476001,-73.197691,central,7,poor,,590 Main St,2018-12-03,{54C56207-CF8F-43B7-BB62-E96B88E1E71A}
BTV-5343,ulmus-americana-princeton,44.475950,-73.197574,central,7,poor,,590 Main St,2018-12-03,{A5A4A38C-8D8E-4512-99AB-E67F896F5CC1}
BTV-5344,ulmus-americana-princeton,44.475893,-73.197448,central,8,poor,,590 Main St,2014-04-15,{48228758-CCDE-454B-B2F9-7E46089AAFE1}
BTV-5345,ulmus-americana-princeton,44.475840,-73.197331,central,7,poor,,590 Main St,2014-04-15,{28609B63-04D9-4C51-8518-BFBB13C9AF53}
BTV-5346,ulmus-americana-princeton,44.475787,-73.197214,central,7,poor,,590 Main St,2018-12-03,{CF9B1319-28E3-4FE4-9DA2-8A53E433415F}
BTV-5347,ulmus-americana-princeton,44.475737,-73.197097,central,7,poor,,590 Main St,2018-12-03,{46993E46-3653-476C-A20F-B1FE44FEC822}
BTV-5348,ulmus-americana-princeton,44.475687,-73.196986,central,6,fair,,590 Main St,2014-04-15,{702F0848-634A-43B8-9F54-F7C5A90E8A24}
BTV-5349,ulmus-americana-princeton,44.475640,-73.196879,central,6,fair,,590 Main St,2014-04-15,{15C42A68-89E2-45D8-86D1-F57A5B8C3945}
BTV-5350,ulmus-americana-princeton,44.475424,-73.196404,central,6,fair,,590 Main St,2014-04-15,{B4CA0C17-DDA4-4D7A-9D50-3E3F62B11CA7}
BTV-5351,celtis-occidentalis,44.475371,-73.196287,central,5,poor,,590 Main St,2014-04-15,{0AF1A744-2897-4E15-8491-D17F8C922379}
BTV-5352,ulmus-americana-princeton,44.475321,-73.196174,central,6,fair,,590 Main St,2014-04-15,{C06F331C-2082-4B30-8226-E2032639DADE}
BTV-5353,ulmus-americana-princeton,44.475274,-73.196063,central,6,fair,,590 Main St,2014-04-15,{5820E5EB-B147-4F4B-A0AC-56CCE801E093}
BTV-5354,ulmus-americana-princeton,44.475221,-73.195952,central,6,fair,,590 Main St,2014-04-15,{9305FFF7-0219-4026-9052-CD4C72928DFB}
BTV-5355,ulmus-americana-princeton,44.475170,-73.195835,central,6,fair,,590 Main St,2014-04-15,{EE6C4517-2D36-49C0-8099-7C4E0E1C9C06}
BTV-5356,ulmus-americana-princeton,44.475128,-73.195739,central,6,fair,,590 Main St,2014-04-15,{2BCCD564-523C-4044-9D4D-C4E43D197E64}
BTV-5357,ulmus-americana-princeton,44.475072,-73.195618,central,6,fair,,590 Main St,2014-04-15,{7BB98238-CE79-41B4-A288-B71DFC1751C4}
BTV-5358,ulmus-americana-princeton,44.475022,-73.195507,central,5,good,,590 Main St,2014-04-15,{68308941-EF80-43EA-9C76-CA2EFC4176B3}
BTV-5359,ulmus-americana-princeton,44.474969,-73.195383,central,5,fair,,590 Main St,2014-04-15,{ADAC6851-8FCB-48E0-9F8F-A8B3864116E5}
BTV-5360,ulmus-americana-princeton,44.474761,-73.195405,athletic,7,poor,,617 Main St,2018-12-07,{E4027167-0FF0-40FE-A95F-09A9CDEA6BFD}
BTV-5361,ulmus-americana-princeton,44.474812,-73.195515,athletic,7,good,,617 Main St,2018-12-07,{E20DA551-A6DA-474C-B540-CA2A85B027BD}
BTV-5362,celtis-occidentalis,44.474866,-73.195639,athletic,6,good,,601 Main St,2018-12-07,{5D6CB6B1-5B66-4A7B-9513-ACD53C68CAFA}
BTV-5364,ulmus-americana-princeton,44.474974,-73.195856,athletic,6,fair,,601 Main St,2018-12-07,{20886BEF-5D6C-4E74-98D6-B7676F84864D}
BTV-5365,ulmus-americana-princeton,44.475029,-73.195973,athletic,6,poor,,601 Main St,2018-12-07,{922B21AC-1DDA-4017-A80B-5FDD37BBD861}
BTV-5366,ulmus-americana-princeton,44.475077,-73.196077,athletic,6,fair,,601 Main St,2018-12-07,{C1F6AFFB-E798-43B0-8138-54F1CE6BE9E4}
BTV-5367,ulmus-americana-princeton,44.475126,-73.196189,athletic,5,fair,,589 Main St,2018-12-07,{00417C68-29A0-4115-B668-82C2266A1331}
BTV-5368,ulmus-americana-princeton,44.475176,-73.196298,athletic,5,good,,589 Main St,2018-12-07,{4BBCDC2C-AA5C-47A1-A096-85E719822956}
BTV-5369,tilia-tomentosa,44.474480,-73.194846,athletic,12,fair,,Main St,2018-12-07,{BA50885F-EB6C-49CC-9569-AC63BFC0C39A}
BTV-5370,celtis-occidentalis,44.474267,-73.194322,athletic,6,good,,Main St,2018-12-07,{5D4F94BB-DE7D-406F-8ECD-AB577D5591E6}
BTV-5371,celtis-occidentalis,44.474211,-73.194198,athletic,6,good,,Main St,2018-12-07,{A537D9FA-53A0-4899-87D2-9703A46F34B5}
BTV-5372,celtis-occidentalis,44.474154,-73.194071,athletic,7,good,,Main St,2018-12-07,{E8AC7A54-BE7B-4B32-AAD2-E6F9B8B50CA2}
BTV-5373,celtis-occidentalis,44.474108,-73.193966,athletic,5,good,,Main St,2018-12-07,{211C68F5-2948-4CE1-98E9-C9EE3466A346}
BTV-5374,celtis-occidentalis,44.474056,-73.193856,athletic,5,good,,Main St,2018-12-07,{A3B86E93-B5A0-4E24-B2E4-C178098D5B98}
BTV-5375,celtis-occidentalis,44.474004,-73.193734,athletic,7,poor,,Main St,2019-06-04,{FA869539-CBEF-40C5-BF5C-36E9B72977E8}
BTV-5376,celtis-occidentalis,44.473949,-73.193620,athletic,6,good,,Main St,2018-12-07,{598E3B50-3E92-4858-A8ED-28F26B8AEDA7}
BTV-5377,celtis-occidentalis,44.473900,-73.193506,athletic,6,fair,,Main St,2019-06-04,{675DEA2C-434F-4DEC-B9D9-928B25A00801}
BTV-5378,celtis-occidentalis,44.473843,-73.193381,athletic,7,fair,,Main St,2019-06-04,{7076F7F7-3237-4F51-9732-33696B5FE26C}
BTV-5379,celtis-occidentalis,44.473795,-73.193274,athletic,6,good,,Main St,2018-12-07,{A52C3902-E3FD-4D77-B03E-3245F5DB42E4}
BTV-5380,celtis-occidentalis,44.473742,-73.193160,athletic,6,fair,,Main St,2018-12-07,{5FA1742F-7D5E-4D7F-A0D3-DBFDA0E20F37}
BTV-5381,celtis-occidentalis,44.473693,-73.193058,athletic,7,fair,,Main St,2019-06-04,{5AE8571B-9B59-46BE-BE79-92FB17784EA5}
BTV-5382,celtis-occidentalis,44.473640,-73.192938,athletic,9,poor,,Main St,2019-06-04,{C83260C1-EDE6-4825-9148-81C52C94196C}
BTV-5383,celtis-occidentalis,44.473590,-73.192833,athletic,6,fair,,Main St,2019-06-04,{D7052C6B-1F78-4D60-8742-26044F6C2E2B}
BTV-5384,celtis-occidentalis,44.473537,-73.192716,athletic,6,poor,,Main St,2019-06-04,{27364DF9-3E21-4CDF-BC0F-EDB82423CEF2}
BTV-5385,celtis-occidentalis,44.473485,-73.192609,athletic,7,poor,,Main St,2018-12-07,{873C5F22-8CF2-4B53-944B-3862FC580350}
BTV-5386,celtis-occidentalis,44.473435,-73.192502,athletic,6,good,,Main St,2019-06-04,{98EE8143-418E-4143-BF94-9359D11BC1AB}
BTV-5387,celtis-occidentalis,44.473378,-73.192377,athletic,5,good,,Main St,2019-06-04,{3F6B756A-4D50-4454-895D-20043D68D8FC}
BTV-5388,celtis-occidentalis,44.473327,-73.192270,athletic,6,fair,,Main St,2018-12-07,{35FCEF0E-5940-4929-8213-932AD5992CD3}
BTV-5389,celtis-occidentalis,44.473277,-73.192161,athletic,5,good,,Main St,2018-12-07,{8215997E-92C4-44FC-8D89-C93BC1F01BC2}
BTV-5390,celtis-occidentalis,44.472850,-73.191222,athletic,6,fair,,Main St,2014-04-15,{94DA62CB-1FD8-4B6E-A8ED-A99DA1DB3637}
BTV-5391,celtis-occidentalis,44.472803,-73.191116,athletic,6,good,,Main St,2014-04-15,{111F261F-D4AE-4DCA-9E3D-8CF8DBCD4F9B}
BTV-5392,celtis-occidentalis,44.472761,-73.191023,athletic,7,good,,Main St,2014-04-15,{9C2C2F40-5D1D-45A8-AD48-106B39ABE02F}
BTV-5394,celtis-occidentalis,44.472671,-73.190823,athletic,7,fair,,Main St,2014-04-15,{277533DA-AE32-4221-B016-F3B28718548D}
BTV-5395,celtis-occidentalis,44.472627,-73.190722,athletic,4,poor,,Main St,2014-04-15,{97CB3254-25FC-4446-9BA6-8919678A3F57}
BTV-5396,celtis-occidentalis,44.472586,-73.190641,athletic,4,fair,,Main St,2014-04-15,{E3C5EDD5-D014-4B5E-84A8-FD763E555329}
BTV-5397,celtis-occidentalis,44.472541,-73.190541,athletic,7,good,,Main St,2014-04-15,{9041D799-4943-4BE2-A879-DFFF92E8D41A}
BTV-5398,celtis-occidentalis,44.472799,-73.190579,central,7,poor,,Main St,2014-04-15,{8DF444CF-8398-4B86-B4B4-A915FB72F672}
BTV-5399,celtis-occidentalis,44.472847,-73.190675,central,7,good,,Main St,2014-04-15,{03B05913-05E5-4E88-91CD-FD9A153E1A4D}
BTV-5400,celtis-occidentalis,44.472895,-73.190775,central,6,poor,,Main St,2014-04-15,{DFA1E7F4-288B-4301-A3F1-97C4EF30A40C}
BTV-5401,celtis-occidentalis,44.472937,-73.190857,central,6,fair,,Main St,2014-04-15,{379ADC32-A72F-4BE2-93EB-D3A6C14F9CAE}
BTV-5402,celtis-occidentalis,44.472985,-73.190949,central,7,good,,Main St,2014-04-15,{1F074B8D-7D48-437A-9798-DD242CC7E51E}
BTV-5403,celtis-occidentalis,44.473038,-73.191048,central,6,good,,Main St,2014-04-15,{DDF5C3E7-173D-41B6-BB4A-84B77AA3C839}
BTV-5404,celtis-occidentalis,44.473566,-73.192214,central,8,fair,,Main St,2014-04-15,{380CC399-C773-4451-A7D3-F5860C9C1506}
BTV-5405,celtis-occidentalis,44.473618,-73.192329,central,8,good,,Main St,2014-04-15,{22F39424-6595-4CD3-8C08-38FBA65EE7C1}
BTV-5406,celtis-occidentalis,44.473667,-73.192439,central,7,good,,Main St,2014-04-15,{0568A27E-6661-4E37-9AF9-16085E9E60F3}
BTV-5407,celtis-occidentalis,44.473717,-73.192553,central,7,good,,Main St,2014-04-15,{F5B8836A-AE90-4881-B7B8-9250969CF166}
BTV-5408,celtis-occidentalis,44.473774,-73.192681,central,7,good,,Main St,2014-04-15,{8F341E12-6A83-43BF-8F3E-2CDAD027AC59}
BTV-5409,celtis-occidentalis,44.473829,-73.192802,central,6,good,,Main St,2014-04-15,{BD05E5C4-A9E0-4034-B384-BF108CE33235}
BTV-5410,celtis-occidentalis,44.473876,-73.192901,central,6,good,,Main St,2014-04-15,{CCF3086F-67C8-453B-9282-6675CA1E565B}
BTV-5411,celtis-occidentalis,44.473928,-73.193020,central,6,fair,,Main St,2014-04-15,{EA494AB7-83DC-42E4-9851-B28DC80B7265}
BTV-5412,celtis-occidentalis,44.473977,-73.193130,central,6,fair,,Main St,2014-04-15,{0CA34126-4C65-4FC7-B95C-FC09781F05DB}
BTV-5413,celtis-occidentalis,44.474028,-73.193251,central,6,fair,,Main St,2014-04-15,{2CA390D2-8405-4265-83BD-1E07408691C7}
BTV-5414,celtis-occidentalis,44.474074,-73.193350,central,7,good,,Main St,2014-04-15,{D23D4F2C-D98D-4154-9114-A13C756FE15C}
BTV-5415,celtis-occidentalis,44.474124,-73.193461,central,6,good,,Main St,2014-04-15,{4B395581-7CDF-47FF-B8CB-A832FE27B746}
BTV-5416,celtis-occidentalis,44.474175,-73.193579,central,7,fair,,Main St,2014-04-15,{63B92F90-3577-4AE6-8484-CD01733D100A}
BTV-5417,celtis-occidentalis,44.474231,-73.193697,central,6,fair,,Main St,2014-04-15,{6A83DD08-F601-4925-8494-B1BB7353D8B2}
BTV-5418,celtis-occidentalis,44.474282,-73.193816,central,5,good,,Main St,2014-04-15,{BCACEB2A-FF6A-41A3-B676-505F8767B547}
BTV-5419,celtis-occidentalis,44.474333,-73.193930,central,7,good,,Main St,2014-04-15,{B9056701-5D50-44E6-A814-520DDBE39C22}
BTV-5420,celtis-occidentalis,44.474383,-73.194037,central,8,fair,,Main St,2014-04-15,{479A5A04-D622-4109-8C69-3344F2F53E63}
BTV-5421,celtis-occidentalis,44.474435,-73.194166,central,7,fair,,Main St,2014-04-15,{FA4D6F6C-3F09-49AB-BFDF-466FD30C4CC0}
BTV-5422,celtis-occidentalis,44.474481,-73.194273,central,7,fair,,Main St,2014-04-15,{15559A3A-CC1F-4835-8394-C5DFEB4E0BF5}
BTV-5426,acer-platanoides,44.476918,-73.202985,central,10,good,,112 South Williams St,2018-12-07,{70A5CFD6-4DEE-4306-86C4-FC018722A97F}
BTV-5427,acer-platanoides,44.476685,-73.202964,central,11,fair,,112 South Williams St,2018-12-07,{A134DA0A-AD55-4E60-B579-CEF1C3B70205}
BTV-5428,fraxinus-pennsylvanica,44.476479,-73.200391,central,8,good,,Main St,2018-12-07,{F4E99985-E2E8-488D-8D12-4A4F6D7FA247}
BTV-5429,fraxinus-pennsylvanica,44.476483,-73.200073,central,10,good,,Main St,2018-12-07,{0BC7B63C-DFFE-4C6B-B1A5-0DBB5368CEAF}
BTV-5430,fraxinus-pennsylvanica,44.476489,-73.199927,central,11,fair,,Main St,2018-12-07,{68831EA5-9BAA-4C7D-BE2A-836E799D2148}
BTV-5431,fraxinus-pennsylvanica,44.476492,-73.199802,central,10,fair,,Main St,2018-12-07,{BA0E8313-1CC3-45F4-B72C-507F5D050392}
BTV-5432,fraxinus-pennsylvanica,44.476497,-73.199663,central,8,fair,,Main St,2018-12-07,{F57CC4EF-035D-48B7-9AE6-B486603F2975}
BTV-5434,fraxinus-pennsylvanica,44.476506,-73.199390,central,9,fair,,Main St,2018-12-07,{BED3CC1B-90B8-42BA-B640-87FA5BFADB11}
BTV-5436,malus-sp,44.477670,-73.200915,central,12,fair,,109 South Prospect St,2020-07-06,{AF49A769-7043-480B-BC40-11D5926772AB}
BTV-5439,malus-sp,44.477639,-73.201546,central,4,good,2008,109 South Prospect St,2020-07-06,{E8BCE7CB-F928-47E9-95F2-AE0DB7FF54B7}
BTV-5440,malus-sp,44.477620,-73.201862,central,11,fair,,439 College St,2020-07-06,{FC55A885-43AA-43BC-BBB9-42C0B0918F8F}
BTV-5441,malus-sp,44.477618,-73.201948,central,9,fair,,439 College St,2020-07-06,{D622DD7C-F8D5-4C51-B29A-6B6F5514713D}
BTV-5442,malus-sp,44.477610,-73.202035,central,11,fair,,439 College St,2020-07-06,{D1105064-B851-43F7-A774-92A305271621}
BTV-5443,malus-sp,44.477606,-73.202120,central,12,fair,,439 College St,2020-07-06,{6D8F16B6-B532-4959-83E1-78F40AD4101F}
BTV-5444,malus-sp,44.477601,-73.202210,central,11,fair,,439 College St,2020-07-06,{0DC97CFB-B797-4419-AE5C-A98ACB90BD0C}
BTV-5448,malus-sp,44.477577,-73.202747,central,10,fair,,112 South Williams St,2020-07-06,{7396A2FF-C198-4FD6-A71A-20C9C5E0A1CA}
BTV-5449,malus-sp,44.477567,-73.202825,central,2,fair,2008,112 South Williams St,2020-07-06,{95878640-60E2-4DF8-ADC3-FFC7337C3E81}
BTV-5451,acer-rubrum,44.477691,-73.202804,central,10,fair,,420 College St,2014-04-16,{5F20B006-DD0D-43DA-86A4-E1E123CCC876}
BTV-5943,quercus-bicolor,44.479558,-73.203333,central,2,good,2021,43 South Williams St,2021-11-23,{5B362613-A253-4BAA-BC59-E597E8DF5BD0}
BTV-5944,acer-x-freemanii,44.479433,-73.203321,central,2,good,2021,43 South Williams St,2021-11-23,{DDC093BB-0D96-45B9-87F4-E91F6881AE6F}
BTV-5945,acer-x-freemanii-autumn-blaze,44.477851,-73.203026,central,12,fair,,420 College St,2014-05-28,{46FFF1DA-3523-4D50-A76A-28D95071EE14}
BTV-5946,acer-x-freemanii-autumn-blaze,44.477933,-73.203033,central,14,good,,420 College St,2021-06-10,{ABC0AC4B-83B6-4EFC-B5BA-944045AB2D19}
BTV-5947,acer-x-freemanii-autumn-blaze,44.478096,-73.203052,central,10,good,,86 South Williams St,2014-05-28,{9F6DCBB0-FE84-4166-BB7C-B28B07F0D750}
BTV-5948,acer-x-freemanii-autumn-blaze,44.478171,-73.203058,central,11,fair,,86 South Williams St,2014-05-28,{007CDE68-DC22-4419-A222-4913161A4696}
BTV-5949,acer-x-freemanii-autumn-blaze,44.478263,-73.203067,central,11,fair,,86 South Williams St,2014-05-28,{C87F4AFF-5F5F-4895-B819-BD1F9E442782}
BTV-5950,acer-x-freemanii-autumn-blaze,44.478429,-73.203083,central,7,good,,86 South Williams St,2014-05-28,{D455FF28-AB87-4EEC-B6E0-C389D27C21DA}
BTV-5951,acer-x-freemanii-autumn-blaze,44.478519,-73.203097,central,8,good,,70 South Williams St,2014-05-28,{87D99CD0-865F-4427-943B-C8A7FA461049}
BTV-5952,acer-platanoides,44.478593,-73.203103,central,10,fair,,70 South Williams St,2014-05-28,{7DA7C05F-9AF7-42CA-BB37-581B38CAD8B0}
BTV-5953,acer-platanoides-crimson-king,44.478669,-73.203109,central,15,fair,,70 South Williams St,2014-05-28,{BF1ED3DA-6BDC-4BA3-8962-3A84D4F0C3DB}
BTV-5954,acer-platanoides,44.478727,-73.203114,central,6,fair,,70 South Williams St,2014-05-28,{D57A6E69-7571-44CA-A0F2-879E692CEAF2}
BTV-5958,acer-x-freemanii-sienna-glen,44.478945,-73.203139,central,2,good,2019,52 South Williams St,2023-09-27,{B68FCA2B-25FC-41AC-8F93-7A59FF45BFEF}
BTV-5963,acer-x-freemanii,44.480840,-73.201042,central,5,good,2013,440 Pearl St,2019-03-29,{949327C8-CDFB-40C5-9436-B08A2E5A7A43}
BTV-5965,celtis-occidentalis,44.480831,-73.201374,central,9,fair,,416 Pearl St,2014-05-28,{6C80EF5A-0457-4155-A406-952AA72B3121}
BTV-5967,celtis-occidentalis,44.480819,-73.202043,central,9,fair,,416 Pearl St,2014-05-28,{3A3FA128-5EC9-4339-BC5C-79D12A3FA5C0}
BTV-5968,tilia-tomentosa,44.480816,-73.202146,central,18,fair,,416 Pearl St,2014-05-28,{5F2DC5BF-DC2C-4880-9D62-BA5BF2F3CF6E}
BTV-5970,celtis-occidentalis,44.480805,-73.202507,central,6,good,,404 Pearl St,2014-05-28,{47FA952F-A56F-458C-AB97-23E0FA4A9BE7}
BTV-5973,celtis-occidentalis,44.480795,-73.202890,central,12,fair,,394 Pearl St,2022-08-11,{738C5B6A-9D95-482E-B0CB-A0EF9CCC66F0}
BTV-5974,tilia-tomentosa,44.480789,-73.203079,central,21,fair,,388 Pearl St,2022-08-11,{D3A780EF-A994-4EF6-911B-C732B8745DFB}
BTV-5975,tilia-tomentosa,44.480780,-73.203389,central,12,fair,,380 Pearl St,2022-08-11,{69201127-B6A8-4736-8A47-AD3F43FFB723}
BTV-5987,celtis-occidentalis,44.480678,-73.199531,central,9,good,,12 Colchester Ave,2014-05-28,{8997F5C8-C6A0-4DAD-BE14-0D1E3258FE47}
BTV-5988,celtis-occidentalis,44.480677,-73.199421,central,8,fair,,12 Colchester Ave,2014-05-28,{E9CF9A28-6C60-4ED0-BB79-890D811201DC}
BTV-5989,celtis-occidentalis,44.480683,-73.199310,central,6,good,,12 Colchester Ave,2014-05-28,{AF5FAD59-F5D8-47CD-A5CC-A81694762DEA}
BTV-5990,celtis-occidentalis,44.480687,-73.199212,central,9,good,,16 Colchester Ave,2014-05-28,{E79633D4-30C1-4FF6-AA5A-2B5ACDBB480E}
BTV-5991,celtis-occidentalis,44.480691,-73.199121,central,9,good,,16 Colchester Ave,2014-05-28,{24DAB1D5-77F8-497A-B018-17FF04435E9C}
BTV-5992,celtis-occidentalis,44.480697,-73.198983,central,9,fair,,16 Colchester Ave,2014-05-28,{69617169-3AA3-447E-9C9C-A75977B417C9}
BTV-5993,gleditsia-triacanthos-inermis-shademaster,44.480719,-73.198375,central,13,fair,,34 Colchester Ave,2021-08-31,{BB8F0403-5669-458B-945D-D9C1E668D596}
BTV-5994,gleditsia-triacanthos-inermis-shademaster,44.480719,-73.198277,central,14,fair,,34 Colchester Ave,2021-08-31,{208A673E-92EB-48AE-9566-8AB5097EF926}
BTV-5995,acer-campestre,44.480727,-73.198146,central,10,fair,,40 Colchester Ave,2014-05-28,{6928639A-493E-4C7B-989D-2164A91C8A19}
BTV-5996,acer-campestre,44.480732,-73.197949,central,13,fair,,46 Colchester Ave,2014-05-28,{F804B029-C9B5-4132-9D4A-5A2A6293B37B}
BTV-5997,acer-campestre,44.480742,-73.197669,central,12,fair,,52 Colchester Ave,2014-05-28,{D346AFE7-74D6-40C1-A906-4494D89CFA53}
BTV-5998,acer-campestre,44.480755,-73.197332,central,18,good,,60 Colchester Ave,2014-05-28,{979E5C25-1CE6-417E-A0EB-30398150C585}
BTV-5999,acer-campestre,44.480761,-73.197114,central,11,good,,66 Colchester Ave,2014-05-28,{9F3C590E-F196-45A0-BE3A-F7FCC6D3F098}
BTV-6001,acer-campestre,44.480760,-73.196898,central,12,fair,,72 Colchester Ave,2014-05-28,{D49D45CC-C307-48C8-B7DF-873AA4E21461}
BTV-6002,acer-campestre,44.480776,-73.196712,central,7,fair,,80 Colchester Ave,2014-05-28,{95C4582B-9A8E-4550-BCB5-B0CF0A20C6C4}
BTV-6003,gleditsia-triacanthos-inermis-shademaster,44.481048,-73.195547,central,12,fair,,112 Colchester Ave,2019-12-04,{7202A03E-9CF2-4138-868C-791581F81FE1}
BTV-6004,gleditsia-triacanthos-inermis-shademaster,44.481076,-73.195475,central,16,fair,,112 Colchester Ave,2018-09-26,{47012834-EA3B-41FB-82BA-50BCCCF1D0F6}
BTV-6005,acer-platanoides,44.480802,-73.198609,central,23,fair,,34 Colchester Ave,2022-06-01,{D062D546-94BF-4595-A7A4-83FE74B629CD}
BTV-6006,acer-rubrum,44.480905,-73.198616,central,21,fair,,34 Colchester Ave,2022-06-01,{A87C25DD-FE83-409B-ABA4-C4FFE3057079}
BTV-6007,malus-sp,44.481162,-73.198667,central,23,fair,,16 Mansfield Ave,2022-06-01,{C71400D7-A2C0-4F44-A698-4977074E842A}
BTV-6762,thuja-occidentalis,44.482310,-73.186515,centennial,28,fair,,Colchester Ave,2014-06-06,{E7DEB211-68B7-4DF8-8315-B59A4BFD498F}
BTV-6783,thuja-occidentalis,44.482337,-73.186411,centennial,33,poor,,Colchester Ave,2014-06-06,{11A7E85C-2DD4-48C1-8C77-005FD9E6E6BD}
BTV-6785,thuja-occidentalis,44.482408,-73.186431,centennial,30,fair,,Colchester Ave,2014-06-06,{B38B2F44-0A42-4068-B2EC-12969AE7E01B}
BTV-6786,thuja-occidentalis,44.482454,-73.186337,centennial,47,fair,,Colchester Ave,2014-06-06,{B0BAE97C-ED22-4151-B40F-68E2BB873A0A}
BTV-7387,pinus-nigra,44.484907,-73.184687,centennial,10,fair,,,2016-11-29,{0265C9B0-512C-45A5-B05C-B6FEFA80271E}
BTV-11198,celtis-occidentalis,44.475588,-73.197304,central,5,good,,565 Main St,2018-12-07,{387E162A-AE9D-4B04-AFCE-90DEAC865754}
BTV-11199,tilia-tomentosa,44.475541,-73.197193,central,7,fair,,565 Main St,2018-12-07,{D6806D48-61EA-4C01-AE06-53CB1AFC9F72}
BTV-11202,tilia-tomentosa,44.475330,-73.196734,athletic,9,good,,589 Main St,2018-12-07,{D3D93769-1507-47CF-888E-72FFFDCD2AA8}
BTV-11203,tilia-tomentosa,44.475285,-73.196632,athletic,8,fair,,589 Main St,2018-12-07,{1039065E-0D35-4148-9223-5FCDA622EDBC}
BTV-11204,tilia-tomentosa,44.475245,-73.196540,athletic,5,fair,,589 Main St,2018-12-07,{27B49DFE-5928-42C2-A91A-9639533420B5}
BTV-11205,tilia-tomentosa,44.475203,-73.196447,athletic,7,fair,,589 Main St,2018-12-07,{D89EB70A-DA30-4EDB-8D51-9540DBCB02C6}
BTV-11208,quercus-macrocarpa,44.474895,-73.190641,centennial,14,good,,284 East Ave,2020-07-09,{3E2249CE-2D2F-48CE-BC82-18B869A56EFB}
BTV-11209,quercus-rubra,44.474810,-73.190620,centennial,8,good,,284 East Ave,2020-07-09,{51E87B30-965D-4D63-80A7-ECB37FA63E2A}
BTV-11210,quercus-macrocarpa,44.474722,-73.190598,centennial,12,good,,284 East Ave,2020-07-09,{D6967B4D-B502-43F4-8929-B5FBCAB1BBA1}
BTV-11211,quercus-rubra,44.474583,-73.190559,centennial,5,fair,,284 East Ave,2016-11-23,{45D39C63-723F-4CDD-9DF3-785A6300CF34}
BTV-11212,quercus-rubra,44.474460,-73.190526,centennial,6,good,,284 East Ave,2016-11-23,{66E4B87F-8AA3-47BB-8577-A0041A7D9CCB}
BTV-11214,quercus-rubra,44.474131,-73.190443,centennial,5,fair,,284 East Ave,2016-11-23,{5F30A52F-5AD6-4E2D-8639-FCBDF4871D49}
BTV-11215,quercus-rubra,44.474025,-73.190415,centennial,5,poor,,284 East Ave,2016-11-23,{0F93BF1D-7077-4BB3-A081-425359DD6958}
BTV-11640,malus-sp,44.481462,-73.192537,central,11,fair,,East Ave,2016-11-23,{22D9C0F6-46F5-4A89-988A-AC5A1272B9D0}
BTV-11641,malus-sp,44.481217,-73.192468,central,13,fair,,East Ave,2016-11-23,{0AA808B5-B609-4BE9-BA43-469AC9710126}
BTV-11642,malus-sp,44.481128,-73.192445,central,16,fair,,East Ave,2016-11-23,{3B9458BF-1007-4AA5-9BBF-076243AB983F}
BTV-11645,malus-sp,44.480706,-73.192337,central,9,good,,East Ave,2016-11-23,{DEBCCA8F-50AE-4672-92C2-CBAB19564436}
BTV-11961,pinus-nigra,44.473629,-73.190469,central,15,good,,East Ave,2016-11-23,{BBB03500-B743-4771-ABFF-C9219D1FDCC5}
BTV-11962,pinus-nigra,44.473583,-73.190452,central,15,fair,,East Ave,2016-11-23,{651D326F-A40D-4BC3-98CA-D7FFD850A996}
BTV-11963,pinus-nigra,44.473589,-73.190551,central,17,good,,East Ave,2016-11-23,{0FEB51D9-37CC-4061-BA86-5FBDDEB582D5}
BTV-11964,tilia-tomentosa,44.473511,-73.190535,central,13,fair,,East Ave,2016-11-23,{BD77EEF0-0321-4A00-9F76-3ACBC7240022}
BTV-11965,pyrus-calleryana,44.473463,-73.190427,central,11,fair,,East Ave,2016-11-23,{A8A09D98-7CC8-47FA-AEBF-019755087AD9}
BTV-11981,acer-saccharum,44.480953,-73.195864,central,21,poor,,106 Colchester Ave,2016-11-23,{E0CEC569-B8AE-48CC-8B0D-AEFF1A5D0AE6}
BTV-11982,fraxinus-pennsylvanica,44.481016,-73.195716,central,17,good,,106 Colchester Ave,2016-11-23,{39E47EFF-A7C9-4C9D-B21E-BC7554545881}
BTV-11986,robinia-pseudoacacia,44.482293,-73.192773,trinity,22,good,,208 Colchester Ave,2016-11-29,{2F724321-7B4F-4778-9C1F-4441CC97565F}
BTV-11987,tilia-cordata,44.482389,-73.192544,trinity,13,fair,,220 Colchester Ave,2016-11-29,{E9380A5B-366F-4ACC-8D82-A7F89381A5FE}
BTV-11988,tilia-cordata,44.482455,-73.192386,trinity,14,fair,,220 Colchester Ave,2016-11-29,{BF8E9267-364E-4224-8751-D1906B52FEE0}
BTV-11989,tilia-cordata,44.482548,-73.192174,trinity,13,fair,,220 Colchester Ave,2016-11-29,{AEF6ADE4-BDF2-4296-BE1C-7B7D3A7260DF}
BTV-11990,tilia-cordata,44.482628,-73.191988,trinity,13,fair,,220 Colchester Ave,2016-11-29,{717AC728-B819-4016-9F16-39826C8960C3}
BTV-11992,tilia-cordata,44.482880,-73.191399,trinity,11,fair,,250 Colchester Ave,2019-03-14,{536545A0-C013-4A73-8E7F-4201D628ED76}
BTV-11993,malus-sp,44.483155,-73.190746,trinity,16,fair,,258 Colchester Ave,2016-11-29,{763739E2-0967-47FD-B5C7-44DBB4A0B01E}
BTV-11994,malus-sp,44.483176,-73.190683,trinity,13,fair,,258 Colchester Ave,2016-11-29,{337E2E8F-8171-460A-BDF7-3464C1C0CCE5}
BTV-12359,celtis-occidentalis,44.473972,-73.203133,central,2,good,2018,83 Summit St,2022-06-22,{44408CCA-21D9-4058-897F-99DDCA067D10}
BTV-12662,acer-x-freemanii-sienna-glen,44.477709,-73.202494,central,3,good,2023,420 College St,2023-10-30,{4F5728DE-5048-4F1F-91A2-911564EBF16B}
BTV-12665,acer-miyabei,44.477280,-73.202997,central,2,good,2021,112 South Williams St,2021-11-23,{50A05C87-CDF3-45DB-97D7-666A01BA0135}
BTV-12666,acer-x-freemanii,44.477149,-73.202992,central,2,good,2021,112 South Williams St,2021-11-23,{47A58696-F1A3-41A4-9F5A-4FDB24497AC7}
BTV-12668,acer-x-freemanii,44.476805,-73.202974,central,2,good,2021,112 South Williams St,2021-11-23,{0B5C305C-3F46-46E2-8888-B912C575322D}
BTV-12669,acer-miyabei,44.476533,-73.202958,central,2,good,2021,146 South Williams St,2021-11-23,{EC4D549F-14CD-444F-AE75-27F22A577DD5}
BTV-12866,acer-miyabei,44.477020,-73.202983,central,2,good,2021,112 South Williams St,2021-11-23,{0D0A2909-B11F-4FE3-95FE-5A788CF8690C}
BTV-12912,quercus-bicolor,44.481264,-73.198927,central,2,good,2019,23 Mansfield Ave,2019-11-07,{095A694C-F6CB-4C1F-98E3-4E8F7895DADE}
BTV-13178,ulmus-sp,44.480845,-73.198849,central,2,good,2020,16 Mansfield Ave,2020-09-30,{C7FC37BF-9B44-4BF1-B381-E8FE9A9B97CA}
BTV-13179,betula-nigra,44.480918,-73.198867,central,2,good,2020,16 Mansfield Ave,2020-09-30,{125A7FE9-0A01-4B01-97A8-22CE0DA784D9}
BTV-13180,ulmus-davidiana-japonica,44.480988,-73.198882,central,2,good,2020,16 Mansfield Ave,2020-09-30,{F07D3C5B-88E4-4C62-BEB6-BBDA5BC030B8}
BTV-13200,gleditsia-triacanthos-inermis-shademaster,44.477702,-73.202637,central,2,good,2022,420 College St,2022-11-01,{03AE2A8F-4166-42A7-964C-2B0CA963BCBD}
BTV-13201,gleditsia-triacanthos,44.477720,-73.202331,central,2,good,2020,438 College St,2020-07-24,{AD4BC181-C729-46FD-B1D9-D297730379B7}
BTV-13202,ulmus-sp,44.477726,-73.202211,central,2,good,2020,438 College St,2020-07-24,{B16EF203-AA19-4B8F-9B42-1486802C7685}
BTV-13203,quercus-imbricaria,44.477732,-73.202091,central,2,good,2025,438 College St,2020-07-24,{FA491BA4-3451-421F-A9FC-DAD31EFF750E}
BTV-13204,betula-nigra,44.477737,-73.201979,central,2,good,2020,438 College St,2020-07-24,{E37999A1-F14C-45B3-8BE4-EB99424FA3D5}
BTV-13205,ulmus-davidiana-japonica,44.477759,-73.201533,central,2,good,2020,85 South Prospect St,2020-07-24,{E3D29BFF-62B4-482D-BEDE-083EF0F9B4C8}
BTV-13206,gleditsia-triacanthos,44.477766,-73.201357,central,2,good,2020,85 South Prospect St,2022-06-22,{FC633B1B-47DE-47E8-A833-84DBDB758BCD}
BTV-13207,ulmus-sp,44.477787,-73.200984,central,2,good,2020,85 South Prospect St,2020-07-24,{EAA591ED-E7F4-4BC3-ACFA-1A4919584B01}
BTV-13333,quercus-bicolor,44.480834,-73.201189,central,2,good,2020,440 Pearl St,2020-10-30,{9117B3F9-B754-4E80-82A2-07AD9091BDCD}
BTV-13334,quercus-bicolor,44.480811,-73.201597,central,2,good,2020,416 Pearl St,2020-11-10,{55F6DC49-D4DD-4BDA-99CB-F38853BC013D}
BTV-13379,gleditsia-triacanthos,44.475002,-73.200563,central,2,good,2020,194 South Prospect St,2020-11-23,{AB80E2D5-D366-4BF0-BCB6-B2B0F1DEDB73}
BTV-13503,acer-x-freemanii,44.476508,-73.199320,central,2,good,2021,Main St,2021-11-23,{C52D75E8-B1AD-4BCD-8ECC-9A3EEBDF0BDF}
BTV-13738,malus-sp,44.480663,-73.202531,central,2,good,2021,415 Pearl St,2021-11-23,{819A82F4-37EA-4E66-BF6E-4BE22520ACA1}
BTV-13739,maackia-amurensis,44.480665,-73.202310,central,2,good,2021,415 Pearl St,2021-11-23,{EADCB31B-4D36-4346-9DC9-126650AF41E8}
BTV-13740,syringa-reticulata,44.480670,-73.202096,central,2,good,2021,415 Pearl St,2021-11-23,{EFB295F0-06C4-4285-AC4B-7C091ADE7EDF}
BTV-13741,malus-sp,44.480670,-73.201997,central,2,good,2021,415 Pearl St,2021-11-23,{F290BE68-0274-4B6B-868E-0EBBE22C0341}
BTV-13744,crataegus-crus-galli,44.480227,-73.203270,central,2,good,2021,14 South Williams St,2021-11-23,{A89BEF81-A6B8-4C06-9029-9DABA645422D}
BTV-13745,acer-miyabei,44.480023,-73.203380,central,2,good,2021,21 South Williams St,2021-11-23,{08C4DE10-9554-4205-B161-078341E65274}
BTV-13746,gleditsia-triacanthos-inermis-shademaster,44.479742,-73.203352,central,2,good,2022,31 South Williams St,2022-11-02,{4105295F-E9CF-4913-9D74-539F3F0E9983}
BTV-13747,acer-tataricum,44.478633,-73.203236,central,2,good,2021,71 South Williams St,2021-11-23,{903892BA-6948-44FF-9D7C-829308717A7F}
BTV-13748,syringa-reticulata,44.478434,-73.203216,central,2,good,2021,81 South Williams St,2021-11-23,{553AE672-858B-4D29-86FA-7A94E65728BD}
BTV-13749,malus-sp,44.478221,-73.203195,central,2,good,2025,89 South Williams St,2021-11-23,{A583EB6A-0EFB-4969-874F-0A15D84A55A9}
BTV-13750,syringa-reticulata,44.478046,-73.203175,central,2,good,2021,93 South Williams St,2021-11-23,{2D9A8A57-194F-491D-B6C1-A7ABEEFA501D}
BTV-13752,maackia-amurensis,44.480655,-73.203132,central,2,good,2021,14 South Williams St,2021-11-23,{A21AC178-3E60-41FA-91E0-C9E49256E315}
BTV-13753,malus-donald-wyman,44.480657,-73.203052,central,2,good,2021,14 South Williams St,2021-11-23,{804A684B-892A-4619-A65F-7E18DFB6C8E7}
BTV-13754,malus-sp,44.480659,-73.202965,central,2,good,2021,14 South Williams St,2021-11-23,{31D10552-119B-4B64-B14C-BB7363FCA596}
BTV-13757,acer-x-freemanii,44.476504,-73.199458,central,2,good,2022,Main St,2022-10-31,{6E9444A0-0DF6-472D-BF34-359DE471625C}
BTV-13758,acer-x-freemanii,44.476499,-73.199592,central,2,good,2022,Main St,2022-10-31,{F4DB3641-F635-4DAE-8C71-D346B909EAAA}
BTV-13759,acer-x-freemanii,44.476494,-73.199727,central,2,good,2022,Main St,2022-10-31,{F1860C7D-4130-4C3E-B294-26DC4D4D8B08}
BTV-13760,acer-x-freemanii,44.476488,-73.199864,central,2,good,2021,Main St,2021-11-23,{EF07447D-09F6-446F-9D44-95658600A85A}
BTV-13761,acer-x-freemanii,44.476483,-73.200001,central,2,good,2021,Main St,2021-11-23,{3B4EE5CA-7A1C-4AA8-A396-7DC76E9528E6}
BTV-13762,acer-x-freemanii,44.476478,-73.200158,central,2,good,2021,Main St,2021-11-23,{3CF61954-BB34-40BD-8FE6-3335A3568C7B}
BTV-13763,acer-x-freemanii,44.476476,-73.200268,central,2,good,2021,Main St,2021-11-23,{0DC857EC-0334-40E5-BA02-CE777B317A82}
BTV-13782,acer-rubrum,44.480802,-73.202766,central,2,good,2022,394 Pearl St,2022-04-18,{76ABA4D7-A65E-4940-80B8-194766F6E8C2}
BTV-13783,catalpa-speciosa,44.480804,-73.202701,central,2,good,2022,394 Pearl St,2022-04-18,{9F905B64-5F10-417A-B2E1-F82F2031FAFD}
BTV-13790,maackia-amurensis,44.480804,-73.202423,central,2,good,2022,404 Pearl St,2022-05-20,{5A185019-F010-4496-9A93-CBCAE0030C4B}
BTV-13791,malus-sp,44.480808,-73.202300,central,2,good,2022,404 Pearl St,2022-05-20,{6F2350F4-D904-47AD-8B23-4E4F13F49817}
BTV-14121,gleditsia-triacanthos,44.476150,-73.200764,central,2,good,2023,153 South Prospect St,2023-07-27,{3912E2B4-6B4E-4A43-A68D-D11E24E56DCB}
BTV-14122,tilia-americana,44.476053,-73.200763,central,2,good,2023,153 South Prospect St,2023-07-27,{C05A27D6-E3E1-4B3E-93E7-862CF5402223}
BTV-14123,malus-sp,44.475786,-73.200747,central,2,good,2023,161 South Prospect St,2023-07-27,{C9FADD09-AE38-495F-A1DF-1EDE30B33A0D}
BTV-14124,carpinus-caroliniana,44.475673,-73.200741,central,2,good,2023,175 South Prospect St,2023-07-27,{2755503E-FCF2-4D50-868C-74199A621069}
BTV-14222,platanus-occidentalis,44.481641,-73.193675,central,3,good,2023,Colchester Ave,2023-10-30,{D13BF5B3-851D-49B4-B3D9-70A2028A9319}
BTV-14223,catalpa-speciosa,44.481671,-73.193600,central,3,good,2023,195 Colchester Ave,2023-10-30,{ADC3DBCB-3110-4775-B979-F900FD01EBB2}
BTV-14224,acer-rubrum,44.481702,-73.193532,central,3,good,2023,195 Colchester Ave,2023-10-30,{03425C5F-1670-4F9E-B307-C36A49D93D20}
BTV-14225,platanus-occidentalis,44.481736,-73.193457,central,3,good,2023,195 Colchester Ave,2023-10-30,{543F8FC6-4ED5-440B-86F7-33C07CF785BD}
BTV-14226,catalpa-speciosa,44.481812,-73.193282,central,3,good,2023,195 Colchester Ave,2023-10-30,{64C9A107-1EAD-4190-928E-748B654E94A4}
BTV-14227,ulmus-davidiana-japonica,44.481779,-73.193364,central,3,fair,2023,195 Colchester Ave,2023-10-30,{B02EBA2A-9BEE-4D2E-B88D-C7405677EFCD}
BTV-14228,acer-rubrum,44.481884,-73.193135,central,3,good,2023,195 Colchester Ave,2023-10-30,{1085BC58-9B3F-445D-93D2-A0BAAEAE8F5D}
BTV-14229,platanus-occidentalis,44.481910,-73.193075,central,3,good,2023,195 Colchester Ave,2023-10-30,{5725798B-6518-4DE9-A257-CC7C643681FA}
BTV-14230,ulmus-davidiana-japonica,44.481943,-73.192998,central,3,good,2023,195 Colchester Ave,2023-10-30,{81545A77-7E0B-408B-9979-931C6F6209EF}
BTV-14231,acer-rubrum,44.481972,-73.192927,central,3,good,2023,185 Colchester Ave,2023-10-30,{0051B542-E5A4-4CFE-B447-B0404366EEE7}
BTV-14330,acer-x-freemanii,44.475527,-73.200585,central,2,good,2023,178 South Prospect St,,{CF093405-13B9-4EFE-B075-FC367F9B408A}
BTV-14331,platanus-occidentalis,44.474671,-73.200546,central,2,good,2023,194 South Prospect St,,{72E8027D-8C3B-4293-AA6E-939F6AD3D58F}
BTV-14343,acer-campestre,44.480383,-73.203289,central,13,fair,,14 South Williams St,2021-11-23,{FC35EFFF-8BF4-4589-B7DE-699D31B621C5}
BTV-14375,ulmus-sp,44.478872,-73.203130,central,2,good,2024,52 South Williams St,,{FAD1B8D5-0C88-4139-9B5C-C73A2D023727}
BTV-14376,gleditsia-triacanthos,44.479124,-73.203161,central,2,good,2024,52 South Williams St,,{AB5269CC-E77E-4E1C-A3A1-7BAED9C11215}
BTV-14378,liriodendron-tulipifera,44.479356,-73.203179,central,2,good,2024,52 South Williams St,,{96F5B5BD-A700-4698-BA98-82264A6A67A6}
BTV-14379,quercus-imbricaria,44.479463,-73.203193,central,2,good,2024,52 South Williams St,,{B9E330B8-6EA7-4A21-A303-C64F7E232C79}
BTV-14435,aesculus-x-carnea,44.480759,-73.196957,central,2,good,2024,72 Colchester Ave,,{A1F83E26-A9E1-42D3-8F1D-FA4C3AC228F2}
BTV-14449,quercus-rubra,44.484587,-73.184910,centennial,14,good,,,,{DF52E8F5-5FB2-4EDA-9A85-CC3D561A8335}
BTV-14512,syringa-reticulata-ivory-silk,44.480651,-73.203209,central,2,good,2024,14 South Williams St,,{6CD19B6C-B107-4EA2-85BB-BC59813B2F65}
BTV-14701,acer-miyabei,44.476120,-73.200616,central,2,good,2024,461 Main St,,{B8A8D09E-A750-4A4B-BBF4-588E6AE75881}
BTV-14702,aesculus-x-carnea,44.476031,-73.200610,central,2,good,2024,461 Main St,,{E0EC5C98-D8ED-436E-A94C-68F15203A0B2}
BTV-14703,platanus-occidentalis,44.475955,-73.200606,central,2,good,2024,461 Main St,,{0ADD5F40-38AB-4F7F-8782-0D3DE4C46A7A}
BTV-14771,quercus-bicolor,44.474326,-73.202346,central,2,good,2025,77 Overlake Pk,,{0A9C893A-C982-4A68-89E9-CA37A70E4E52}
BTV-14858,celtis-occidentalis,44.481172,-73.198910,central,2,good,2025,23 Mansfield Ave,,{11E22542-FEB3-4B4E-81F1-BA22D3032AFF}
BTV-14878,celtis-occidentalis,44.476271,-73.200247,central,2,good,2025,461 Main St,,{E3ACF192-369B-4766-9504-96B6C45E7EC0}
BTV-14881,ulmus-davidiana-japonica,44.476271,-73.200374,central,2,good,2025,461 Main St,,{AD4E282F-402B-42C9-A0E0-B0C1D35FBC4D}
BTV-14882,tilia-americana,44.476280,-73.200090,central,2,good,2025,475 Main St,,{AF3D3CB5-109A-46EE-9A36-7EC0CB811BAF}
BTV-14883,ulmus-davidiana-japonica,44.476285,-73.199901,central,2,good,2025,475 Main St,,{678B3253-FF07-40EF-AB56-8CD1E61F742A}
BTV-14884,gleditsia-triacanthos,44.476291,-73.199710,central,2,good,2025,481 Main St,,{EC8193B1-E59E-4484-8E15-FC6C19DF3476}
BTV-14885,acer-miyabei,44.476289,-73.199794,central,2,good,2025,481 Main St,,{5F5A880C-DBDE-4C6C-9683-4B596DA9311F}
BTV-14886,tilia-americana,44.476292,-73.199607,central,2,good,2025,481 Main St,,{69AF89D6-B12F-447A-8F70-1C77190B9805}
BTV-14887,acer-x-freemanii,44.477685,-73.202889,central,2,good,2025,420 College St,,{6CD6F6FE-5C98-4AEB-A1E0-532345560C53}
