peak_id,lat,lng,height_m
P0001,44.485493,-73.193228,22.3
P0002,44.485403,-73.193373,19.4
P0003,44.485389,-73.193297,20.4
P0004,44.485358,-73.193429,18.7
P0005,44.485344,-73.192957,12.3
P0006,44.485313,-73.193234,19.7
P0007,44.485300,-73.193480,21.5
P0008,44.485246,-73.193599,19.4
P0009,44.485192,-73.193668,26.8
P0010,44.485147,-73.193807,21.5
P0011,44.485120,-73.193662,20.1
P0012,44.485115,-73.193731,15.6
P0013,44.485111,-73.192951,7.8
P0014,44.485097,-73.193820,14.7
P0015,44.485070,-73.192926,11.0
P0016,44.485062,-73.192731,17.0
P0017,44.485057,-73.193574,14.6
P0018,44.485017,-73.192705,18.6
P0019,44.485003,-73.193713,22.5
P0020,44.484958,-73.193813,23.5
P0021,44.484958,-73.192875,13.3
P0022,44.484922,-73.193209,13.5
P0023,44.484819,-73.192793,20.5
P0024,44.484810,-73.193077,7.4
P0025,44.484806,-73.192491,14.0
P0026,44.484797,-73.193310,16.9
P0027,44.484792,-73.193442,22.3
P0028,44.484779,-73.193769,22.1
P0029,44.484770,-73.192661,8.9
P0030,44.484761,-73.192454,21.2
P0031,44.484716,-73.193442,24.7
P0032,44.484689,-73.193511,26.5
P0033,44.484639,-73.192579,16.0
P0034,44.484630,-73.193454,24.5
P0035,44.484630,-73.192334,15.2
P0036,44.484581,-73.193070,7.2
P0037,44.484536,-73.192819,16.8
P0038,44.484509,-73.192252,22.9
P0039,44.484478,-73.192693,15.1
P0040,44.484460,-73.193448,34.0
P0041,44.484460,-73.190861,20.5
P0042,44.484437,-73.192523,20.9
P0043,44.484401,-73.192976,19.8
P0044,44.484401,-73.190754,20.6
P0045,44.484392,-73.193278,27.0
P0046,44.484379,-73.192642,18.6
P0047,44.484379,-73.190823,23.1
P0048,44.484361,-73.190981,13.8
P0049,44.484356,-73.192221,17.4
P0050,44.484356,-73.190886,21.6
P0051,44.484347,-73.192718,17.2
P0052,44.484347,-73.192573,16.0
P0053,44.484347,-73.190653,18.0
P0054,44.484321,-73.192793,9.8
P0055,44.484312,-73.192938,16.4
P0056,44.484298,-73.193398,31.6
P0057,44.484294,-73.192668,17.6
P0058,44.484289,-73.192567,12.7
P0059,44.484285,-73.190867,17.3
P0060,44.484271,-73.193209,23.9
P0061,44.484262,-73.190773,21.1
P0062,44.484253,-73.192328,10.8
P0063,44.484249,-73.192743,7.9
P0064,44.484249,-73.190943,17.9
P0065,44.484249,-73.190628,19.4
P0066,44.484235,-73.193058,15.9
P0067,44.484226,-73.193115,15.9
P0068,44.484226,-73.190559,21.6
P0069,44.484222,-73.191069,19.7
P0070,44.484208,-73.193190,24.2
P0071,44.484208,-73.192850,11.4
P0072,44.484181,-73.190773,23.2
P0073,44.484177,-73.191188,19.1
P0074,44.484159,-73.191094,26.2
P0075,44.484154,-73.193209,26.4
P0076,44.484154,-73.193127,23.8
P0077,44.484145,-73.191453,27.3
P0078,44.484145,-73.190678,27.7
P0079,44.484145,-73.190477,21.8
P0080,44.484136,-73.193329,27.4
P0081,44.484109,-73.191018,21.7
P0082,44.484074,-73.193266,21.2
P0083,44.484069,-73.190962,22.9
P0084,44.484065,-73.190590,27.9
P0085,44.484056,-73.192240,7.0
P0086,44.484051,-73.193467,35.1
P0087,44.484038,-73.190741,19.0
P0088,44.484033,-73.191484,21.4
P0089,44.484024,-73.193234,17.4
P0090,44.484024,-73.193096,10.6
P0091,44.484015,-73.190930,22.7
P0092,44.484006,-73.191767,20.6
P0093,44.484002,-73.193297,14.2
P0094,44.484002,-73.191062,21.1
P0095,44.483988,-73.190880,22.3
P0096,44.483970,-73.190471,4.3
P0097,44.483966,-73.193291,14.6
P0098,44.483961,-73.190911,23.0
P0099,44.483957,-73.191484,15.2
P0100,44.483957,-73.190370,9.0
P0101,44.483943,-73.191031,21.7
P0102,44.483943,-73.190710,25.0
P0103,44.483930,-73.191107,19.2
P0104,44.483925,-73.193184,26.0
P0105,44.483916,-73.191516,18.4
P0106,44.483912,-73.190458,9.4
P0107,44.483903,-73.193486,26.6
P0108,44.483894,-73.191843,9.5
P0109,44.483885,-73.191793,12.2
P0110,44.483880,-73.191201,18.7
P0111,44.483880,-73.190603,23.4
P0112,44.483871,-73.190307,23.7
P0113,44.483849,-73.191969,9.3
P0114,44.483840,-73.193171,9.3
P0115,44.483827,-73.192233,5.4
P0116,44.483818,-73.193555,25.1
P0117,44.483813,-73.191679,11.4
P0118,44.483813,-73.191031,14.7
P0119,44.483809,-73.193159,8.6
P0120,44.483804,-73.191169,17.2
P0121,44.483800,-73.193398,7.0
P0122,44.483795,-73.191119,16.7
P0123,44.483786,-73.193461,9.0
P0124,44.483786,-73.191402,20.4
P0125,44.483782,-73.191302,17.6
P0126,44.483777,-73.193631,25.1
P0127,44.483777,-73.193215,10.1
P0128,44.483777,-73.191453,20.7
P0129,44.483773,-73.191623,16.0
P0130,44.483764,-73.193316,21.3
P0131,44.483759,-73.191981,11.8
P0132,44.483755,-73.191339,19.5
P0133,44.483755,-73.190509,7.6
P0134,44.483750,-73.191919,11.0
P0135,44.483732,-73.191516,18.1
P0136,44.483705,-73.193303,21.9
P0137,44.483705,-73.191560,15.6
P0138,44.483701,-73.191484,17.1
P0139,44.483683,-73.190918,12.2
P0140,44.483669,-73.193637,25.7
P0141,44.483665,-73.193939,22.8
P0142,44.483660,-73.193731,24.8
P0143,44.483656,-73.191478,15.3
P0144,44.483651,-73.191176,22.7
P0145,44.483642,-73.193410,25.6
P0146,44.483620,-73.193977,20.8
P0147,44.483620,-73.191371,15.9
P0148,44.483597,-73.193769,23.9
P0149,44.483593,-73.191163,16.3
P0150,44.483593,-73.190823,10.1
P0151,44.483575,-73.193568,26.9
P0152,44.483566,-73.194015,20.0
P0153,44.483566,-73.193920,18.7
P0154,44.483539,-73.190798,9.6
P0155,44.483521,-73.194027,19.4
P0156,44.483512,-73.193738,21.5
P0157,44.483508,-73.194178,15.4
P0158,44.483508,-73.190830,12.0
P0159,44.483485,-73.191037,5.6
P0160,44.483476,-73.194096,17.0
P0161,44.483476,-73.191503,5.2
P0162,44.483472,-73.193971,18.4
P0163,44.483458,-73.191056,5.4
P0164,44.483454,-73.194040,11.1
P0165,44.483454,-73.193838,18.8
P0166,44.483454,-73.193675,21.8
P0167,44.483454,-73.192177,6.6
P0168,44.483454,-73.191113,5.5
P0169,44.483449,-73.190874,11.4
P0170,44.483440,-73.194191,16.8
P0171,44.483436,-73.194254,17.5
P0172,44.483395,-73.194462,17.2
P0173,44.483368,-73.194386,19.1
P0174,44.483346,-73.192548,14.5
P0175,44.483328,-73.192624,14.1
P0176,44.483319,-73.194606,14.3
P0177,44.483319,-73.194518,15.3
P0178,44.483292,-73.193813,3.5
P0179,44.483283,-73.192995,7.3
P0180,44.483274,-73.194770,15.6
P0181,44.483274,-73.192422,13.2
P0182,44.483270,-73.194587,14.8
P0183,44.483252,-73.192825,7.0
P0184,44.483243,-73.193165,7.8
P0185,44.483243,-73.192630,14.8
P0186,44.483238,-73.194650,16.8
P0187,44.483238,-73.194480,3.6
P0188,44.483229,-73.194071,17.1
P0189,44.483216,-73.194745,13.7
P0190,44.483216,-73.193989,22.7
P0191,44.483211,-73.193284,8.0
P0192,44.483175,-73.193895,21.8
P0193,44.483171,-73.190697,8.4
P0194,44.483162,-73.194065,20.1
P0195,44.483162,-73.192636,11.4
P0196,44.483162,-73.190754,8.5
P0197,44.483157,-73.195047,8.2
P0198,44.483148,-73.191402,4.8
P0199,44.483144,-73.193140,8.1
P0200,44.483135,-73.191031,4.9
P0201,44.483130,-73.193996,21.5
P0202,44.483130,-73.191629,14.6
P0203,44.483108,-73.193278,12.1
P0204,44.483063,-73.193775,15.2
P0205,44.483036,-73.194373,15.9
P0206,44.483018,-73.194040,18.2
P0207,44.483014,-73.193417,8.3
P0208,44.483014,-73.193215,13.2
P0209,44.483000,-73.193826,21.8
P0210,44.482991,-73.192598,13.2
P0211,44.482982,-73.194619,11.5
P0212,44.482955,-73.193543,4.9
P0213,44.482946,-73.194625,12.1
P0214,44.482937,-73.194027,9.2
P0215,44.482928,-73.195494,11.0
P0216,44.482928,-73.193083,4.6
P0217,44.482910,-73.194518,13.0
P0218,44.482910,-73.194052,9.5
P0219,44.482910,-73.193895,21.7
P0220,44.482910,-73.192523,14.2
P0221,44.482897,-73.195758,8.5
P0222,44.482883,-73.194550,13.1
P0223,44.482879,-73.195462,10.8
P0224,44.482874,-73.194015,8.9
P0225,44.482856,-73.193725,17.4
P0226,44.482834,-73.194392,14.2
P0227,44.482830,-73.196123,24.8
P0228,44.482807,-73.193826,12.7
P0229,44.482789,-73.194474,12.6
P0230,44.482780,-73.195821,23.5
P0231,44.482776,-73.196016,14.2
P0232,44.482749,-73.195456,10.7
P0233,44.482744,-73.194449,14.7
P0234,44.482744,-73.193259,12.6
P0235,44.482744,-73.192737,5.9
P0236,44.482735,-73.196369,25.4
P0237,44.482726,-73.195758,23.5
P0238,44.482708,-73.194418,14.7
P0239,44.482704,-73.195897,24.4
P0240,44.482704,-73.195840,24.9
P0241,44.482677,-73.193196,13.2
P0242,44.482663,-73.195815,26.9
P0243,44.482645,-73.193196,13.2
P0244,44.482623,-73.192611,17.9
P0245,44.482569,-73.195746,17.0
P0246,44.482569,-73.192768,13.6
P0247,44.482565,-73.195330,10.7
P0248,44.482560,-73.195796,14.3
P0249,44.482542,-73.193845,4.2
P0250,44.482542,-73.192303,17.9
P0251,44.482515,-73.195274,8.5
P0252,44.482515,-73.192498,14.5
P0253,44.482511,-73.192252,17.3
P0254,44.482493,-73.192303,17.8
P0255,44.482488,-73.195922,8.6
P0256,44.482457,-73.192435,6.7
P0257,44.482358,-73.195085,13.0
P0258,44.482349,-73.196048,15.9
P0259,44.482335,-73.193454,11.0
P0260,44.482313,-73.192756,14.4
P0261,44.482300,-73.195802,10.1
P0262,44.482291,-73.193347,9.8
P0263,44.482277,-73.195595,5.1
P0264,44.482255,-73.194436,18.0
P0265,44.482237,-73.195796,11.8
P0266,44.482205,-73.195444,18.1
P0267,44.482129,-73.193499,14.2
P0268,44.482124,-73.195412,14.4
P0269,44.482088,-73.195368,15.2
P0270,44.482066,-73.193826,7.6
P0271,44.482062,-73.195311,14.4
P0272,44.482048,-73.193876,12.0
P0273,44.482030,-73.194008,12.4
P0274,44.482021,-73.195576,10.9
P0275,44.481927,-73.195173,13.2
P0276,44.481922,-73.195028,14.7
P0277,44.481909,-73.195261,15.9
P0278,44.481891,-73.193851,13.5
P0279,44.481886,-73.195116,11.8
P0280,44.481599,-73.193524,15.5
P0281,44.481469,-73.192542,6.2
P0282,44.481401,-73.194166,14.9
P0283,44.481397,-73.198981,12.0
P0284,44.481365,-73.194052,10.6
P0285,44.481361,-73.194178,14.4
P0286,44.481343,-73.193971,17.2
P0287,44.481338,-73.199636,14.2
P0288,44.481316,-73.199737,19.1
P0289,44.481289,-73.194210,12.5
P0290,44.481262,-73.194059,17.3
P0291,44.481258,-73.199076,6.5
P0292,44.481249,-73.194248,10.7
P0293,44.481240,-73.194002,18.6
P0294,44.481231,-73.194474,14.0
P0295,44.481213,-73.194096,20.8
P0296,44.481199,-73.192491,6.5
P0297,44.481195,-73.194040,19.5
P0298,44.481186,-73.193977,18.1
P0299,44.481177,-73.194569,7.5
P0300,44.481168,-73.198925,11.7
P0301,44.481159,-73.198679,8.0
P0302,44.481159,-73.194273,8.5
P0303,44.481159,-73.192479,7.5
P0304,44.481154,-73.198641,7.9
P0305,44.481145,-73.194392,7.6
P0306,44.481109,-73.192472,8.6
P0307,44.481091,-73.194613,14.0
P0308,44.481087,-73.199038,4.9
P0309,44.481087,-73.195475,14.4
P0310,44.481082,-73.199422,4.3
P0311,44.481082,-73.194852,14.1
P0312,44.481078,-73.199157,5.3
P0313,44.481069,-73.199321,4.5
P0314,44.481065,-73.195588,10.0
P0315,44.481065,-73.194556,13.9
P0316,44.481065,-73.194499,14.2
P0317,44.481060,-73.194720,11.4
P0318,44.481056,-73.194638,13.8
P0319,44.481051,-73.194896,15.4
P0320,44.481029,-73.195582,9.6
P0321,44.481020,-73.194606,13.6
P0322,44.481011,-73.194827,8.5
P0323,44.481011,-73.194663,14.6
P0324,44.480997,-73.195714,13.9
P0325,44.480993,-73.195758,13.4
P0326,44.480979,-73.194965,12.5
P0327,44.480970,-73.199025,9.8
P0328,44.480966,-73.198868,11.7
P0329,44.480966,-73.195104,17.2
P0330,44.480957,-73.194921,12.7
P0331,44.480952,-73.195160,17.2
P0332,44.480934,-73.195846,8.2
P0333,44.480921,-73.192428,9.2
P0334,44.480912,-73.200926,11.0
P0335,44.480903,-73.195217,10.7
P0336,44.480898,-73.201606,18.8
P0337,44.480898,-73.198635,12.4
P0338,44.480889,-73.195299,16.1
P0339,44.480885,-73.201442,15.9
P0340,44.480885,-73.200618,14.5
P0341,44.480885,-73.200561,16.4
P0342,44.480880,-73.195456,6.7
P0343,44.480880,-73.192668,8.6
P0344,44.480876,-73.198868,12.2
P0345,44.480871,-73.192724,10.0
P0346,44.480867,-73.192422,10.4
P0347,44.480853,-73.200523,13.7
P0348,44.480849,-73.201474,19.0
P0349,44.480840,-73.201058,10.0
P0350,44.480835,-73.203268,12.0
P0351,44.480835,-73.199006,7.6
P0352,44.480826,-73.201940,7.8
P0353,44.480822,-73.198597,13.5
P0354,44.480822,-73.192403,10.9
P0355,44.480813,-73.202878,8.1
P0356,44.480809,-73.195425,12.6
P0357,44.480800,-73.202135,13.3
P0358,44.480800,-73.201405,9.9
P0359,44.480795,-73.203092,11.7
P0360,44.480795,-73.202047,10.1
P0361,44.480795,-73.196810,8.5
P0362,44.480791,-73.203394,6.6
P0363,44.480786,-73.198830,11.9
P0364,44.480782,-73.202922,8.2
P0365,44.480782,-73.194890,4.5
P0366,44.480777,-73.203192,6.1
P0367,44.480777,-73.196709,7.0
P0368,44.480773,-73.197338,10.0
P0369,44.480764,-73.197124,9.2
P0370,44.480746,-73.195525,6.5
P0371,44.480737,-73.199674,12.2
P0372,44.480732,-73.198144,9.0
P0373,44.480732,-73.197666,9.1
P0374,44.480732,-73.192605,11.8
P0375,44.480723,-73.195475,5.2
P0376,44.480719,-73.198289,9.7
P0377,44.480714,-73.197955,9.5
P0378,44.480714,-73.192680,12.8
P0379,44.480710,-73.198975,8.4
P0380,44.480710,-73.198377,10.2
P0381,44.480701,-73.201197,13.3
P0382,44.480696,-73.192598,12.9
P0383,44.480687,-73.199107,7.9
P0384,44.480678,-73.199529,10.2
P0385,44.480678,-73.199208,8.2
P0386,44.480674,-73.199315,7.4
P0387,44.480660,-73.199434,9.6
P0388,44.480651,-73.192724,12.8
P0389,44.480647,-73.192850,6.6
P0390,44.480638,-73.202399,9.8
P0391,44.480633,-73.192372,12.4
P0392,44.480629,-73.202330,9.5
P0393,44.480624,-73.202525,6.3
P0394,44.480624,-73.193033,6.4
P0395,44.480620,-73.200335,15.9
P0396,44.480611,-73.200914,12.4
P0397,44.480611,-73.192624,8.4
P0398,44.480597,-73.202626,8.6
P0399,44.480597,-73.192724,11.8
P0400,44.480597,-73.192447,13.8
P0401,44.480593,-73.200278,14.9
P0402,44.480579,-73.195897,13.5
P0403,44.480539,-73.196872,15.6
P0404,44.480539,-73.192378,15.0
P0405,44.480530,-73.196054,14.2
P0406,44.480530,-73.195903,11.6
P0407,44.480526,-73.197338,14.1
P0408,44.480521,-73.192624,12.2
P0409,44.480517,-73.202223,7.7
P0410,44.480508,-73.196967,17.0
P0411,44.480503,-73.197118,10.6
P0412,44.480499,-73.197993,15.2
P0413,44.480494,-73.200272,15.7
P0414,44.480494,-73.196004,13.2
P0415,44.480490,-73.197282,14.8
P0416,44.480476,-73.198119,13.0
P0417,44.480472,-73.192529,12.3
P0418,44.480467,-73.198855,5.7
P0419,44.480463,-73.198509,7.3
P0420,44.480463,-73.196740,16.4
P0421,44.480463,-73.193914,8.1
P0422,44.480458,-73.197867,10.4
P0423,44.480454,-73.199888,21.4
P0424,44.480454,-73.199157,15.9
P0425,44.480454,-73.197974,14.7
P0426,44.480454,-73.192315,23.6
P0427,44.480440,-73.197823,9.9
P0428,44.480422,-73.200706,14.0
P0429,44.480422,-73.199094,16.3
P0430,44.480418,-73.193927,9.1
P0431,44.480413,-73.192428,17.4
P0432,44.480413,-73.192359,21.0
P0433,44.480400,-73.197515,14.1
P0434,44.480395,-73.196872,18.0
P0435,44.480395,-73.193039,10.1
P0436,44.480391,-73.193889,9.2
P0437,44.480391,-73.193303,5.0
P0438,44.480386,-73.203274,9.9
P0439,44.480382,-73.193757,5.1
P0440,44.480377,-73.202078,8.0
P0441,44.480377,-73.192498,14.0
P0442,44.480359,-73.196703,21.8
P0443,44.480350,-73.199818,16.4
P0444,44.480341,-73.197464,15.2
P0445,44.480332,-73.195022,6.9
P0446,44.480328,-73.200763,13.8
P0447,44.480328,-73.192340,18.2
P0448,44.480323,-73.199447,10.2
P0449,44.480314,-73.195072,5.8
P0450,44.480310,-73.193882,5.7
P0451,44.480297,-73.202191,14.7
P0452,44.480297,-73.199233,12.0
P0453,44.480283,-73.193845,6.6
P0454,44.480279,-73.202072,12.8
P0455,44.480279,-73.192321,17.4
P0456,44.480274,-73.193240,10.2
P0457,44.480270,-73.192460,13.6
P0458,44.480265,-73.200127,18.7
P0459,44.480265,-73.196621,16.7
P0460,44.480256,-73.201776,18.6
P0461,44.480252,-73.202456,10.0
P0462,44.480238,-73.200712,8.2
P0463,44.480234,-73.199460,17.7
P0464,44.480220,-73.202500,11.3
P0465,44.480220,-73.192441,10.9
P0466,44.480211,-73.193794,6.2
P0467,44.480207,-73.200750,13.5
P0468,44.480202,-73.199233,20.5
P0469,44.480184,-73.196501,14.6
P0470,44.480184,-73.193637,4.9
P0471,44.480175,-73.193240,11.3
P0472,44.480166,-73.200215,9.5
P0473,44.480166,-73.197011,9.1
P0474,44.480166,-73.196407,11.0
P0475,44.480157,-73.192397,12.5
P0476,44.480153,-73.196558,13.1
P0477,44.480148,-73.202059,15.6
P0478,44.480144,-73.196810,25.8
P0479,44.480144,-73.196293,16.0
P0480,44.480144,-73.194266,14.8
P0481,44.480139,-73.200303,16.1
P0482,44.480139,-73.196954,9.4
P0483,44.480126,-73.193499,8.9
P0484,44.480121,-73.194361,14.3
P0485,44.480117,-73.201971,13.2
P0486,44.480117,-73.192441,11.4
P0487,44.480112,-73.201505,4.2
P0488,44.480112,-73.200032,14.4
P0489,44.480112,-73.197376,9.4
P0490,44.480112,-73.195821,7.3
P0491,44.480108,-73.200719,14.1
P0492,44.480103,-73.196646,13.6
P0493,44.480103,-73.195771,8.0
P0494,44.480090,-73.192303,17.7
P0495,44.480085,-73.199869,17.3
P0496,44.480085,-73.199164,21.3
P0497,44.480085,-73.197773,6.7
P0498,44.480081,-73.201933,13.5
P0499,44.480076,-73.200202,15.6
P0500,44.480067,-73.192460,9.2
P0501,44.480058,-73.192806,10.6
P0502,44.480058,-73.192183,6.5
P0503,44.480054,-73.193801,13.2
P0504,44.480045,-73.199913,18.3
P0505,44.480041,-73.199535,14.5
P0506,44.480041,-73.197489,21.1
P0507,44.480041,-73.193889,13.6
P0508,44.480014,-73.199831,20.6
P0509,44.480009,-73.199346,15.4
P0510,44.480005,-73.200158,13.4
P0511,44.479996,-73.202229,9.2
P0512,44.479996,-73.201952,12.4
P0513,44.479996,-73.200756,5.1
P0514,44.479996,-73.199409,17.5
P0515,44.479996,-73.199139,9.6
P0516,44.479996,-73.194134,19.7
P0517,44.479982,-73.202135,12.5
P0518,44.479982,-73.200366,20.6
P0519,44.479982,-73.197968,4.7
P0520,44.479982,-73.194594,25.0
P0521,44.479973,-73.199938,14.9
P0522,44.479973,-73.192403,11.4
P0523,44.479969,-73.199139,7.8
P0524,44.479969,-73.194669,24.7
P0525,44.479960,-73.203356,10.7
P0526,44.479946,-73.202229,17.9
P0527,44.479942,-73.200290,20.4
P0528,44.479942,-73.199888,13.5
P0529,44.479933,-73.202834,7.5
P0530,44.479928,-73.192334,12.2
P0531,44.479924,-73.201889,6.6
P0532,44.479924,-73.192365,11.2
P0533,44.479919,-73.200347,19.3
P0534,44.479915,-73.202481,19.9
P0535,44.479910,-73.202198,17.1
P0536,44.479910,-73.202003,13.8
P0537,44.479910,-73.199151,8.7
P0538,44.479897,-73.199825,8.1
P0539,44.479892,-73.199271,50.4
P0540,44.479888,-73.202739,4.8
P0541,44.479888,-73.202122,8.6
P0542,44.479888,-73.199951,4.7
P0543,44.479879,-73.201002,5.4
P0544,44.479874,-73.200070,4.0
P0545,44.479874,-73.192208,16.7
P0546,44.479870,-73.200939,9.2
P0547,44.479847,-73.202418,10.7
P0548,44.479834,-73.199932,3.8
P0549,44.479834,-73.192303,11.7
P0550,44.479820,-73.203155,18.7
P0551,44.479816,-73.192183,18.0
P0552,44.479802,-73.193914,15.8
P0553,44.479798,-73.200951,14.5
P0554,44.479771,-73.202424,10.4
P0555,44.479767,-73.200920,13.0
P0556,44.479767,-73.192334,9.4
P0557,44.479762,-73.192164,17.7
P0558,44.479758,-73.203167,15.1
P0559,44.479740,-73.202878,9.8
P0560,44.479735,-73.200423,17.7
P0561,44.479726,-73.200366,18.4
P0562,44.479722,-73.203079,8.4
P0563,44.479722,-73.202437,12.1
P0564,44.479722,-73.199844,11.1
P0565,44.479722,-73.193889,5.5
P0566,44.479717,-73.202947,9.4
P0567,44.479708,-73.202808,10.1
P0568,44.479708,-73.202689,9.9
P0569,44.479708,-73.202506,13.4
P0570,44.479708,-73.192240,17.2
P0571,44.479704,-73.202985,9.6
P0572,44.479695,-73.202884,11.2
P0573,44.479677,-73.192309,12.8
P0574,44.479672,-73.203104,4.8
P0575,44.479668,-73.202783,10.1
P0576,44.479668,-73.200429,19.1
P0577,44.479663,-73.202393,10.5
P0578,44.479659,-73.200719,13.2
P0579,44.479659,-73.196381,11.9
P0580,44.479650,-73.202991,7.2
P0581,44.479650,-73.197861,8.7
P0582,44.479636,-73.197968,10.1
P0583,44.479632,-73.192202,15.9
P0584,44.479623,-73.198138,7.3
P0585,44.479618,-73.200706,11.1
P0586,44.479618,-73.199101,5.7
P0587,44.479618,-73.198207,7.4
P0588,44.479618,-73.192258,12.0
P0589,44.479609,-73.193725,4.9
P0590,44.479605,-73.193618,25.6
P0591,44.479587,-73.199447,5.6
P0592,44.479573,-73.200114,15.5
P0593,44.479546,-73.199302,10.4
P0594,44.479537,-73.193857,7.0
P0595,44.479537,-73.192674,5.7
P0596,44.479524,-73.193738,8.0
P0597,44.479520,-73.192214,13.7
P0598,44.479502,-73.199378,9.2
P0599,44.479502,-73.192120,19.4
P0600,44.479484,-73.203054,8.7
P0601,44.479484,-73.193845,6.7
P0602,44.479484,-73.193794,7.7
P0603,44.479470,-73.192523,7.6
P0604,44.479466,-73.199397,10.5
P0605,44.479457,-73.201147,13.7
P0606,44.479443,-73.192661,8.3
P0607,44.479425,-73.193845,8.6
P0608,44.479425,-73.193687,10.6
P0609,44.479425,-73.192076,17.5
P0610,44.479421,-73.197181,10.5
P0611,44.479407,-73.203098,7.1
P0612,44.479398,-73.200039,18.6
P0613,44.479385,-73.201140,13.1
P0614,44.479380,-73.197162,12.3
P0615,44.479380,-73.192164,16.4
P0616,44.479376,-73.199919,15.5
P0617,44.479367,-73.203199,6.1
P0618,44.479358,-73.196426,13.1
P0619,44.479344,-73.192195,13.1
P0620,44.479340,-73.203129,6.1
P0621,44.479326,-73.199982,17.0
P0622,44.479317,-73.199384,13.5
P0623,44.479313,-73.203192,8.1
P0624,44.479313,-73.192044,17.8
P0625,44.479304,-73.196470,12.1
P0626,44.479304,-73.192674,6.1
P0627,44.479299,-73.199894,14.5
P0628,44.479299,-73.196551,12.1
P0629,44.479290,-73.199397,12.9
P0630,44.479286,-73.192120,13.4
P0631,44.479264,-73.200108,19.2
P0632,44.479237,-73.192680,5.4
P0633,44.479228,-73.196640,11.2
P0634,44.479228,-73.196507,9.5
P0635,44.479214,-73.203199,6.0
P0636,44.479205,-73.203142,7.3
P0637,44.479205,-73.200297,11.5
P0638,44.479205,-73.199938,14.7
P0639,44.479187,-73.196734,14.5
P0640,44.479183,-73.196979,12.5
P0641,44.479178,-73.199894,14.6
P0642,44.479178,-73.196570,12.7
P0643,44.479174,-73.200656,11.5
P0644,44.479165,-73.197099,12.2
P0645,44.479133,-73.203167,9.4
P0646,44.479133,-73.196835,14.7
P0647,44.479129,-73.197036,13.0
P0648,44.479129,-73.195475,33.9
P0649,44.479120,-73.196608,13.1
P0650,44.479111,-73.200032,21.4
P0651,44.479106,-73.199378,11.1
P0652,44.479097,-73.196671,14.7
P0653,44.479093,-73.200668,9.6
P0654,44.479075,-73.197118,14.4
P0655,44.479066,-73.192019,16.0
P0656,44.479057,-73.196577,14.5
P0657,44.479043,-73.198144,10.8
P0658,44.479039,-73.196715,16.4
P0659,44.479030,-73.196860,18.6
P0660,44.479021,-73.199963,19.5
P0661,44.479021,-73.198748,4.6
P0662,44.479008,-73.199623,15.1
P0663,44.479003,-73.202311,9.3
P0664,44.478999,-73.192844,6.5
P0665,44.478990,-73.194260,21.4
P0666,44.478985,-73.200133,28.1
P0667,44.478985,-73.197080,14.2
P0668,44.478972,-73.201222,5.9
P0669,44.478972,-73.196457,11.5
P0670,44.478958,-73.196703,15.6
P0671,44.478954,-73.197005,16.6
P0672,44.478945,-73.194298,21.4
P0673,44.478936,-73.196954,17.6
P0674,44.478936,-73.196520,13.9
P0675,44.478913,-73.196658,15.0
P0676,44.478900,-73.202173,11.7
P0677,44.478900,-73.196344,10.4
P0678,44.478895,-73.197080,15.4
P0679,44.478891,-73.197011,13.7
P0680,44.478891,-73.196866,15.7
P0681,44.478882,-73.194619,26.3
P0682,44.478877,-73.196577,14.6
P0683,44.478859,-73.203104,10.4
P0684,44.478859,-73.196929,16.2
P0685,44.478855,-73.196520,13.7
P0686,44.478855,-73.192202,7.0
P0687,44.478846,-73.197030,14.3
P0688,44.478837,-73.196753,16.9
P0689,44.478837,-73.192177,6.1
P0690,44.478832,-73.196640,16.5
P0691,44.478823,-73.203129,10.1
P0692,44.478823,-73.196344,12.4
P0693,44.478819,-73.199258,9.8
P0694,44.478801,-73.199951,18.9
P0695,44.478801,-73.199869,18.1
P0696,44.478792,-73.192372,5.4
P0697,44.478783,-73.196545,14.6
P0698,44.478783,-73.192177,6.5
P0699,44.478778,-73.200190,4.9
P0700,44.478778,-73.200001,18.2
P0701,44.478769,-73.196778,13.9
P0702,44.478769,-73.196671,16.0
P0703,44.478765,-73.202160,17.4
P0704,44.478765,-73.196998,15.2
P0705,44.478760,-73.199913,18.3
P0706,44.478752,-73.197080,14.6
P0707,44.478738,-73.202204,16.6
P0708,44.478738,-73.192485,3.9
P0709,44.478738,-73.192082,8.3
P0710,44.478729,-73.203136,7.2
P0711,44.478729,-73.203079,5.4
P0712,44.478716,-73.202147,19.5
P0713,44.478716,-73.201877,12.9
P0714,44.478711,-73.192787,5.5
P0715,44.478707,-73.199277,11.3
P0716,44.478698,-73.194021,3.9
P0717,44.478693,-73.192397,6.4
P0718,44.478689,-73.200750,16.0
P0719,44.478680,-73.199995,12.3
P0720,44.478680,-73.192762,7.1
P0721,44.478671,-73.200939,15.4
P0722,44.478671,-73.199548,19.6
P0723,44.478666,-73.194109,4.9
P0724,44.478662,-73.203111,10.6
P0725,44.478653,-73.202664,11.5
P0726,44.478653,-73.201008,14.9
P0727,44.478644,-73.200045,17.5
P0728,44.478644,-73.194688,5.5
P0729,44.478639,-73.199831,23.4
P0730,44.478639,-73.192775,5.7
P0731,44.478635,-73.199214,12.9
P0732,44.478626,-73.202198,7.3
P0733,44.478617,-73.199541,20.0
P0734,44.478603,-73.201556,9.4
P0735,44.478603,-73.194971,5.8
P0736,44.478599,-73.194361,4.4
P0737,44.478585,-73.203104,9.6
P0738,44.478585,-73.200253,20.7
P0739,44.478585,-73.199485,18.2
P0740,44.478585,-73.193945,3.8
P0741,44.478576,-73.191956,6.4
P0742,44.478572,-73.199025,27.2
P0743,44.478554,-73.194298,4.2
P0744,44.478545,-73.191818,17.7
P0745,44.478536,-73.199976,18.8
P0746,44.478536,-73.196577,14.2
P0747,44.478518,-73.202456,3.6
P0748,44.478518,-73.202204,17.2
P0749,44.478509,-73.202802,26.5
P0750,44.478509,-73.191799,18.3
P0751,44.478491,-73.195626,6.0
P0752,44.478491,-73.194266,5.1
P0753,44.478487,-73.202626,3.3
P0754,44.478478,-73.197086,8.8
P0755,44.478473,-73.202978,23.6
P0756,44.478473,-73.192026,11.2
P0757,44.478469,-73.202909,23.2
P0758,44.478460,-73.192397,5.8
P0759,44.478446,-73.202198,16.2
P0760,44.478442,-73.199504,16.6
P0761,44.478437,-73.200781,18.7
P0762,44.478437,-73.191956,11.2
P0763,44.478433,-73.194034,5.2
P0764,44.478433,-73.192674,8.1
P0765,44.478433,-73.192076,8.2
P0766,44.478419,-73.201486,13.1
P0767,44.478406,-73.192686,6.4
P0768,44.478401,-73.199466,17.5
P0769,44.478383,-73.194248,4.2
P0770,44.478379,-73.192019,11.0
P0771,44.478374,-73.202204,19.0
P0772,44.478370,-73.191931,11.7
P0773,44.478361,-73.192114,9.5
P0774,44.478356,-73.198981,16.5
P0775,44.478352,-73.200322,17.6
P0776,44.478352,-73.199214,14.1
P0777,44.478334,-73.202456,8.5
P0778,44.478334,-73.200423,16.8
P0779,44.478325,-73.194273,3.9
P0780,44.478311,-73.202166,20.9
P0781,44.478302,-73.200360,16.2
P0782,44.478302,-73.199730,5.9
P0783,44.478302,-73.192126,8.2
P0784,44.478302,-73.192000,11.6
P0785,44.478298,-73.200278,15.4
P0786,44.478298,-73.199686,6.6
P0787,44.478298,-73.191843,11.7
P0788,44.478289,-73.194311,3.7
P0789,44.478280,-73.202217,16.9
P0790,44.478275,-73.191881,11.9
P0791,44.478257,-73.191981,10.5
P0792,44.478248,-73.203079,14.7
P0793,44.478239,-73.198591,9.2
P0794,44.478235,-73.202494,17.4
P0795,44.478231,-73.202223,13.4
P0796,44.478217,-73.192082,10.0
P0797,44.478213,-73.197055,5.2
P0798,44.478208,-73.202519,19.1
P0799,44.478204,-73.197791,4.9
P0800,44.478195,-73.202387,19.6
P0801,44.478195,-73.202173,17.4
P0802,44.478190,-73.200379,16.7
P0803,44.478181,-73.202298,18.5
P0804,44.478181,-73.199623,6.9
P0805,44.478181,-73.199164,12.2
P0806,44.478172,-73.203092,14.3
P0807,44.478172,-73.198629,14.0
P0808,44.478168,-73.203035,14.7
P0809,44.478168,-73.201531,12.6
P0810,44.478163,-73.202494,21.2
P0811,44.478163,-73.194141,6.9
P0812,44.478159,-73.198761,16.4
P0813,44.478154,-73.202941,10.1
P0814,44.478154,-73.192693,7.1
P0815,44.478150,-73.197779,5.3
P0816,44.478145,-73.199548,11.8
P0817,44.478145,-73.199132,12.0
P0818,44.478127,-73.194166,8.0
P0819,44.478123,-73.202613,16.3
P0820,44.478109,-73.200807,18.7
P0821,44.478105,-73.202468,21.3
P0822,44.478105,-73.199944,7.8
P0823,44.478100,-73.203230,6.1
P0824,44.478100,-73.199472,12.2
P0825,44.478100,-73.198748,16.9
P0826,44.478096,-73.202701,14.6
P0827,44.478096,-73.197773,4.8
P0828,44.478091,-73.203085,12.6
P0829,44.478091,-73.202846,9.3
P0830,44.478091,-73.196237,6.6
P0831,44.478082,-73.202210,21.8
P0832,44.478082,-73.194147,11.1
P0833,44.478082,-73.192202,8.5
P0834,44.478078,-73.200404,18.3
P0835,44.478069,-73.192114,10.6
P0836,44.478060,-73.198604,16.7
P0837,44.478055,-73.202443,18.3
P0838,44.478055,-73.193259,15.1
P0839,44.478046,-73.197760,5.1
P0840,44.478046,-73.192164,10.1
P0841,44.478042,-73.199176,13.9
P0842,44.478037,-73.199711,7.6
P0843,44.478037,-73.197282,5.2
P0844,44.478033,-73.202406,17.5
P0845,44.478028,-73.202481,16.4
P0846,44.478006,-73.198591,14.0
P0847,44.478001,-73.201808,10.1
P0848,44.477997,-73.198711,14.9
P0849,44.477997,-73.192542,7.4
P0850,44.477983,-73.193247,15.7
P0851,44.477979,-73.194959,15.8
P0852,44.477975,-73.194581,7.7
P0853,44.477966,-73.203073,14.7
P0854,44.477952,-73.199447,12.1
P0855,44.477925,-73.192145,11.0
P0856,44.477921,-73.203066,15.7
P0857,44.477921,-73.197294,5.8
P0858,44.477916,-73.203010,14.1
P0859,44.477898,-73.199145,7.8
P0860,44.477894,-73.202210,4.2
P0861,44.477894,-73.200051,6.9
P0862,44.477885,-73.202500,19.0
P0863,44.477880,-73.202456,15.9
P0864,44.477871,-73.199604,15.9
P0865,44.477867,-73.203173,7.2
P0866,44.477858,-73.202997,15.3
P0867,44.477858,-73.192164,6.8
P0868,44.477849,-73.202424,20.3
P0869,44.477831,-73.199856,4.0
P0870,44.477831,-73.192195,6.4
P0871,44.477822,-73.203016,13.8
P0872,44.477822,-73.199548,17.0
P0873,44.477822,-73.197892,7.5
P0874,44.477817,-73.196092,5.2
P0875,44.477808,-73.199648,15.8
P0876,44.477808,-73.199434,6.5
P0877,44.477795,-73.199806,7.3
P0878,44.477795,-73.197987,7.5
P0879,44.477790,-73.200939,11.9
P0880,44.477790,-73.197949,7.5
P0881,44.477786,-73.194927,19.6
P0882,44.477781,-73.197836,7.5
P0883,44.477777,-73.201058,12.9
P0884,44.477777,-73.192158,6.8
P0885,44.477772,-73.203016,8.3
P0886,44.477772,-73.201952,9.7
P0887,44.477772,-73.199900,6.4
P0888,44.477772,-73.199762,7.2
P0889,44.477763,-73.201279,10.3
P0890,44.477763,-73.199850,7.2
P0891,44.477750,-73.195223,14.3
P0892,44.477745,-73.198012,7.3
P0893,44.477745,-73.192189,6.7
P0894,44.477736,-73.202280,14.5
P0895,44.477736,-73.202040,11.5
P0896,44.477736,-73.201915,12.5
P0897,44.477732,-73.201411,11.0
P0898,44.477718,-73.192070,7.4
P0899,44.477714,-73.192151,7.9
P0900,44.477710,-73.202141,13.9
P0901,44.477705,-73.202361,15.5
P0902,44.477701,-73.199113,7.6
P0903,44.477701,-73.192026,8.9
P0904,44.477696,-73.202733,8.7
P0905,44.477696,-73.202594,8.3
P0906,44.477696,-73.202418,14.6
P0907,44.477696,-73.198547,15.0
P0908,44.477696,-73.197854,6.7
P0909,44.477696,-73.192088,7.8
P0910,44.477692,-73.202286,14.1
P0911,44.477683,-73.194984,4.3
P0912,44.477678,-73.202896,11.0
P0913,44.477678,-73.198276,11.4
P0914,44.477674,-73.198660,16.9
P0915,44.477665,-73.201121,7.0
P0916,44.477665,-73.200914,7.3
P0917,44.477665,-73.197873,7.9
P0918,44.477647,-73.199812,20.9
P0919,44.477642,-73.192032,8.8
P0920,44.477638,-73.195173,14.3
P0921,44.477629,-73.199642,18.6
P0922,44.477629,-73.198534,13.7
P0923,44.477624,-73.198666,16.9
P0924,44.477620,-73.201845,6.4
P0925,44.477611,-73.202110,7.3
P0926,44.477611,-73.202040,7.5
P0927,44.477611,-73.201952,5.4
P0928,44.477606,-73.202204,7.6
P0929,44.477602,-73.202280,8.4
P0930,44.477602,-73.192189,5.1
P0931,44.477597,-73.199900,20.2
P0932,44.477584,-73.200788,19.3
P0933,44.477584,-73.200416,14.2
P0934,44.477579,-73.201587,8.7
P0935,44.477579,-73.201103,18.0
P0936,44.477579,-73.192139,6.7
P0937,44.477570,-73.202739,6.1
P0938,44.477557,-73.199044,13.9
P0939,44.477552,-73.195242,9.3
P0940,44.477552,-73.192177,6.5
P0941,44.477543,-73.199422,18.4
P0942,44.477530,-73.202355,7.0
P0943,44.477530,-73.194984,11.4
P0944,44.477516,-73.202896,13.0
P0945,44.477512,-73.201568,7.6
P0946,44.477512,-73.192133,6.0
P0947,44.477507,-73.198648,14.0
P0948,44.477503,-73.203186,11.8
P0949,44.477503,-73.200826,7.5
P0950,44.477498,-73.199818,7.6
P0951,44.477485,-73.194959,8.1
P0952,44.477485,-73.191975,7.6
P0953,44.477480,-73.200026,16.1
P0954,44.477476,-73.201625,12.8
P0955,44.477467,-73.201436,5.1
P0956,44.477454,-73.196986,6.4
P0957,44.477454,-73.196872,6.2
P0958,44.477449,-73.192158,6.8
P0959,44.477445,-73.199472,14.4
P0960,44.477427,-73.202406,16.3
P0961,44.477427,-73.192126,5.7
P0962,44.477422,-73.199894,20.9
P0963,44.477404,-73.193190,10.3
P0964,44.477400,-73.193266,9.9
P0965,44.477386,-73.200316,22.3
P0966,44.477382,-73.193454,7.7
P0967,44.477377,-73.193599,10.4
P0968,44.477364,-73.200265,22.3
P0969,44.477364,-73.193668,3.5
P0970,44.477355,-73.202343,22.4
P0971,44.477332,-73.200183,14.2
P0972,44.477332,-73.194493,6.2
P0973,44.477323,-73.199397,24.4
P0974,44.477319,-73.200750,3.6
P0975,44.477310,-73.202223,6.7
P0976,44.477310,-73.192101,7.3
P0977,44.477301,-73.199604,12.6
P0978,44.477296,-73.192447,5.8
P0979,44.477296,-73.191950,8.5
P0980,44.477292,-73.202324,20.1
P0981,44.477292,-73.200322,17.4
P0982,44.477283,-73.192284,6.4
P0983,44.477269,-73.202871,19.7
P0984,44.477269,-73.200763,3.7
P0985,44.477256,-73.200228,12.4
P0986,44.477251,-73.200410,20.8
P0987,44.477251,-73.198648,12.2
P0988,44.477242,-73.200838,3.6
P0989,44.477242,-73.198761,10.3
P0990,44.477224,-73.199617,18.7
P0991,44.477220,-73.202544,3.8
P0992,44.477220,-73.191988,6.1
P0993,44.477215,-73.198018,7.7
P0994,44.477211,-73.199050,12.0
P0995,44.477206,-73.199504,20.5
P0996,44.477206,-73.198150,10.5
P0997,44.477202,-73.191919,8.5
P0998,44.477193,-73.198641,13.5
P0999,44.477193,-73.198194,11.4
P1000,44.477193,-73.195311,5.6
P1001,44.477184,-73.202424,14.3
P1002,44.477184,-73.200826,4.2
P1003,44.477184,-73.198698,13.3
P1004,44.477180,-73.197974,6.2
P1005,44.477175,-73.194285,4.9
P1006,44.477171,-73.202361,15.2
P1007,44.477166,-73.198975,13.6
P1008,44.477162,-73.200039,10.9
P1009,44.477162,-73.199057,14.0
P1010,44.477162,-73.198339,6.6
P1011,44.477148,-73.191956,5.3
P1012,44.477144,-73.202525,7.9
P1013,44.477144,-73.195695,5.5
P1014,44.477144,-73.195349,5.2
P1015,44.477126,-73.202424,14.8
P1016,44.477121,-73.199315,15.2
P1017,44.477112,-73.191994,5.3
P1018,44.477108,-73.200228,15.3
P1019,44.477103,-73.202028,16.1
P1020,44.477103,-73.201682,11.5
P1021,44.477099,-73.201770,6.5
P1022,44.477099,-73.199907,3.7
P1023,44.477099,-73.199246,11.7
P1024,44.477085,-73.199409,15.2
P1025,44.477085,-73.196249,6.1
P1026,44.477076,-73.202412,14.5
P1027,44.477076,-73.200819,10.2
P1028,44.477076,-73.195739,4.7
P1029,44.477076,-73.194273,6.8
P1030,44.477076,-73.191975,5.3
P1031,44.477072,-73.201946,17.1
P1032,44.477058,-73.202317,17.9
P1033,44.477058,-73.196570,6.1
P1034,44.477054,-73.202884,11.0
P1035,44.477045,-73.201782,6.0
P1036,44.477045,-73.200844,10.8
P1037,44.477040,-73.201889,14.8
P1038,44.477040,-73.200316,18.7
P1039,44.477040,-73.197395,6.6
P1040,44.477031,-73.202223,19.8
P1041,44.477031,-73.195192,8.1
P1042,44.477022,-73.202374,17.7
P1043,44.477022,-73.200045,5.9
P1044,44.477018,-73.197936,6.0
P1045,44.477018,-73.196621,9.8
P1046,44.477009,-73.202487,10.4
P1047,44.477009,-73.200026,6.2
P1048,44.477009,-73.197817,7.3
P1049,44.477004,-73.195349,10.2
P1050,44.476995,-73.202248,19.0
P1051,44.476991,-73.191944,5.9
P1052,44.476986,-73.202311,18.6
P1053,44.476986,-73.197710,7.2
P1054,44.476986,-73.191874,9.8
P1055,44.476982,-73.195204,8.2
P1056,44.476977,-73.195790,8.8
P1057,44.476973,-73.202815,4.6
P1058,44.476973,-73.196684,11.1
P1059,44.476973,-73.195305,7.2
P1060,44.476968,-73.198408,14.0
P1061,44.476968,-73.194260,5.4
P1062,44.476964,-73.202928,8.6
P1063,44.476964,-73.197603,7.8
P1064,44.476955,-73.191843,10.9
P1065,44.476946,-73.199844,6.9
P1066,44.476937,-73.195972,10.1
P1067,44.476932,-73.202613,8.2
P1068,44.476932,-73.201606,4.8
P1069,44.476928,-73.198780,5.6
P1070,44.476928,-73.197496,7.7
P1071,44.476928,-73.191950,9.1
P1072,44.476924,-73.201354,5.3
P1073,44.476924,-73.195783,9.0
P1074,44.476919,-73.202985,10.1
P1075,44.476919,-73.202865,6.1
P1076,44.476919,-73.202468,6.5
P1077,44.476919,-73.197930,4.5
P1078,44.476915,-73.202154,19.6
P1079,44.476915,-73.195192,9.1
P1080,44.476915,-73.195141,9.9
P1081,44.476906,-73.195349,8.5
P1082,44.476906,-73.194525,7.7
P1083,44.476901,-73.196501,11.6
P1084,44.476897,-73.196337,14.0
P1085,44.476892,-73.197389,6.7
P1086,44.476888,-73.191812,13.3
P1087,44.476883,-73.202361,18.0
P1088,44.476883,-73.195765,8.7
P1089,44.476874,-73.200926,17.6
P1090,44.476874,-73.200026,21.8
P1091,44.476870,-73.199006,9.6
P1092,44.476865,-73.199378,17.8
P1093,44.476865,-73.191944,6.4
P1094,44.476861,-73.200196,13.7
P1095,44.476856,-73.197301,7.6
P1096,44.476856,-73.191893,5.9
P1097,44.476847,-73.198937,15.2
P1098,44.476838,-73.202380,19.9
P1099,44.476838,-73.198345,15.0
P1100,44.476838,-73.191969,8.4
P1101,44.476834,-73.191799,15.4
P1102,44.476829,-73.201367,4.8
P1103,44.476825,-73.202903,8.0
P1104,44.476825,-73.195305,11.1
P1105,44.476820,-73.197867,6.0
P1106,44.476820,-73.195765,8.1
P1107,44.476811,-73.200404,20.2
P1108,44.476807,-73.198515,8.4
P1109,44.476807,-73.195242,7.4
P1110,44.476802,-73.198648,23.8
P1111,44.476798,-73.191956,7.1
P1112,44.476793,-73.200467,18.1
P1113,44.476793,-73.200089,18.1
P1114,44.476793,-73.199674,14.9
P1115,44.476789,-73.198824,18.9
P1116,44.476789,-73.195286,9.5
P1117,44.476784,-73.196419,15.5
P1118,44.476775,-73.202349,20.1
P1119,44.476775,-73.191862,9.2
P1120,44.476762,-73.191925,7.6
P1121,44.476757,-73.194380,3.6
P1122,44.476753,-73.200209,6.9
P1123,44.476753,-73.199724,16.5
P1124,44.476748,-73.199585,11.4
P1125,44.476744,-73.200385,11.5
P1126,44.476744,-73.199290,17.0
P1127,44.476739,-73.199894,8.8
P1128,44.476735,-73.198937,14.2
P1129,44.476730,-73.197030,6.2
P1130,44.476730,-73.191944,6.8
P1131,44.476721,-73.197175,6.6
P1132,44.476717,-73.202896,8.1
P1133,44.476717,-73.200863,3.8
P1134,44.476708,-73.202745,7.9
P1135,44.476708,-73.201694,9.0
P1136,44.476703,-73.202582,6.9
P1137,44.476703,-73.196256,7.8
P1138,44.476699,-73.202330,20.5
P1139,44.476694,-73.202664,7.2
P1140,44.476690,-73.202966,9.3
P1141,44.476690,-73.198880,12.0
P1142,44.476685,-73.194405,6.9
P1143,44.476681,-73.195922,11.9
P1144,44.476676,-73.198610,25.5
P1145,44.476676,-73.195739,7.6
P1146,44.476676,-73.195330,7.6
P1147,44.476676,-73.194480,5.0
P1148,44.476672,-73.196961,6.6
P1149,44.476663,-73.199699,19.2
P1150,44.476659,-73.196608,13.7
P1151,44.476654,-73.198805,5.6
P1152,44.476650,-73.200278,15.1
P1153,44.476632,-73.201222,11.2
P1154,44.476627,-73.195972,12.3
P1155,44.476627,-73.191937,7.8
P1156,44.476623,-73.202022,12.9
P1157,44.476623,-73.200353,16.5
P1158,44.476618,-73.201052,10.7
P1159,44.476618,-73.200492,8.8
P1160,44.476618,-73.199497,18.6
P1161,44.476618,-73.198868,10.0
P1162,44.476618,-73.196879,6.1
P1163,44.476618,-73.195714,7.7
P1164,44.476614,-73.195903,13.5
P1165,44.476614,-73.194770,6.7
P1166,44.476609,-73.201726,11.4
P1167,44.476609,-73.200914,15.5
P1168,44.476609,-73.198729,5.2
P1169,44.476609,-73.197936,5.7
P1170,44.476600,-73.197017,7.5
P1171,44.476596,-73.200870,15.8
P1172,44.476591,-73.197149,7.6
P1173,44.476591,-73.196463,17.6
P1174,44.476587,-73.201071,10.1
P1175,44.476587,-73.198912,10.1
P1176,44.476587,-73.196130,12.9
P1177,44.476573,-73.203092,18.4
P1178,44.476573,-73.199585,16.9
P1179,44.476573,-73.195985,14.7
P1180,44.476573,-73.194959,5.5
P1181,44.476569,-73.199516,20.0
P1182,44.476569,-73.195714,7.9
P1183,44.476560,-73.202682,14.7
P1184,44.476555,-73.201984,20.3
P1185,44.476551,-73.202072,15.8
P1186,44.476542,-73.201254,10.5
P1187,44.476542,-73.200284,14.5
P1188,44.476533,-73.201065,18.3
P1189,44.476533,-73.191912,7.9
P1190,44.476524,-73.199453,15.1
P1191,44.476515,-73.199516,17.2
P1192,44.476510,-73.199806,12.5
P1193,44.476510,-73.198805,9.3
P1194,44.476506,-73.201140,18.2
P1195,44.476506,-73.194669,16.6
P1196,44.476506,-73.191874,7.4
P1197,44.476497,-73.199661,10.2
P1198,44.476492,-73.199932,13.9
P1199,44.476492,-73.196747,5.2
P1200,44.476492,-73.195890,5.3
P1201,44.476488,-73.202028,16.1
P1202,44.476483,-73.201077,15.3
P1203,44.476479,-73.200089,12.8
P1204,44.476474,-73.200397,10.7
P1205,44.476470,-73.199529,10.3
P1206,44.476465,-73.197414,5.3
P1207,44.476465,-73.196986,7.0
P1208,44.476465,-73.196476,11.4
P1209,44.476461,-73.198654,4.9
P1210,44.476452,-73.196067,6.1
P1211,44.476434,-73.197275,6.1
P1212,44.476425,-73.200914,12.5
P1213,44.476425,-73.196281,12.3
P1214,44.476420,-73.202834,7.4
P1215,44.476420,-73.201298,11.5
P1216,44.476416,-73.196325,11.5
P1217,44.476411,-73.201417,9.0
P1218,44.476411,-73.201191,10.9
P1219,44.476411,-73.197917,8.9
P1220,44.476411,-73.196677,7.3
P1221,44.476407,-73.201549,14.0
P1222,44.476398,-73.201908,8.4
P1223,44.476394,-73.201965,9.4
P1224,44.476394,-73.201833,6.3
P1225,44.476385,-73.202261,8.6
P1226,44.476385,-73.202166,8.9
P1227,44.476385,-73.198440,8.8
P1228,44.476385,-73.198238,7.0
P1229,44.476376,-73.202047,8.6
P1230,44.476376,-73.197005,6.9
P1231,44.476376,-73.193744,4.6
P1232,44.476367,-73.202588,8.0
P1233,44.476362,-73.202701,8.2
P1234,44.476362,-73.202506,7.7
P1235,44.476344,-73.196614,7.5
P1236,44.476331,-73.198301,7.7
P1237,44.476308,-73.199353,8.1
P1238,44.476308,-73.191868,5.8
P1239,44.476299,-73.199491,6.9
P1240,44.476295,-73.199151,6.3
P1241,44.476290,-73.199932,7.6
P1242,44.476290,-73.199793,8.2
P1243,44.476286,-73.191843,5.1
P1244,44.476281,-73.200058,6.9
P1245,44.476281,-73.199006,9.7
P1246,44.476277,-73.200215,8.7
P1247,44.476272,-73.200486,8.5
P1248,44.476272,-73.200341,6.7
P1249,44.476254,-73.201090,11.1
P1250,44.476245,-73.191868,7.4
P1251,44.476236,-73.198773,8.3
P1252,44.476232,-73.199170,4.5
P1253,44.476223,-73.201757,11.8
P1254,44.476223,-73.198956,4.8
P1255,44.476218,-73.202110,9.6
P1256,44.476218,-73.201996,9.9
P1257,44.476214,-73.191843,7.0
P1258,44.476200,-73.202620,8.6
P1259,44.476200,-73.201486,18.4
P1260,44.476196,-73.202733,8.8
P1261,44.476196,-73.201317,19.3
P1262,44.476196,-73.198811,10.7
P1263,44.476191,-73.201864,19.0
P1264,44.476191,-73.200114,17.7
P1265,44.476187,-73.202871,12.9
P1266,44.476178,-73.203274,18.6
P1267,44.476178,-73.203173,9.9
P1268,44.476178,-73.203073,14.4
P1269,44.476169,-73.198704,10.2
P1270,44.476160,-73.198585,7.9
P1271,44.476155,-73.194978,6.4
P1272,44.476146,-73.198862,10.0
P1273,44.476129,-73.198761,12.5
P1274,44.476129,-73.198559,8.0
P1275,44.476124,-73.193593,8.3
P1276,44.476115,-73.198515,7.9
P1277,44.476111,-73.202613,5.4
P1278,44.476111,-73.198862,11.0
P1279,44.476111,-73.194329,11.6
P1280,44.476106,-73.203117,19.7
P1281,44.476102,-73.203432,22.4
P1282,44.476088,-73.198818,11.5
P1283,44.476079,-73.191818,6.0
P1284,44.476070,-73.202317,13.7
P1285,44.476057,-73.200240,4.3
P1286,44.476039,-73.194569,5.1
P1287,44.476034,-73.196256,14.2
P1288,44.476025,-73.200523,15.5
P1289,44.476021,-73.194713,5.1
P1290,44.476021,-73.191207,19.9
P1291,44.476016,-73.199050,9.2
P1292,44.476016,-73.194644,3.7
P1293,44.476007,-73.191390,12.0
P1294,44.476003,-73.203129,22.2
P1295,44.475998,-73.195972,8.4
P1296,44.475994,-73.194562,5.1
P1297,44.475989,-73.202758,24.6
P1298,44.475985,-73.198824,14.2
P1299,44.475980,-73.203413,16.1
P1300,44.475976,-73.194707,5.2
P1301,44.475971,-73.202903,6.9
P1302,44.475958,-73.199630,6.7
P1303,44.475958,-73.199151,3.9
P1304,44.475958,-73.198207,4.3
P1305,44.475958,-73.194556,5.1
P1306,44.475949,-73.194625,3.8
P1307,44.475940,-73.198862,11.9
P1308,44.475935,-73.199466,8.6
P1309,44.475935,-73.194701,5.1
P1310,44.475922,-73.202626,13.6
P1311,44.475922,-73.199019,8.4
P1312,44.475922,-73.194550,5.2
P1313,44.475917,-73.199176,3.6
P1314,44.475904,-73.199050,10.0
P1315,44.475890,-73.194619,3.7
P1316,44.475890,-73.191220,15.4
P1317,44.475881,-73.202752,9.0
P1318,44.475868,-73.194543,5.1
P1319,44.475864,-73.197124,3.7
P1320,44.475850,-73.203394,22.4
P1321,44.475846,-73.191711,4.1
P1322,44.475837,-73.197848,4.6
P1323,44.475837,-73.196948,7.3
P1324,44.475832,-73.199120,4.4
P1325,44.475832,-73.194537,5.1
P1326,44.475814,-73.196885,8.9
P1327,44.475814,-73.193662,7.1
P1328,44.475810,-73.202821,4.5
P1329,44.475810,-73.193719,7.2
P1330,44.475805,-73.202456,5.1
P1331,44.475805,-73.194676,5.2
P1332,44.475796,-73.191698,4.0
P1333,44.475792,-73.199063,4.4
P1334,44.475778,-73.203350,15.5
P1335,44.475778,-73.194525,5.1
P1336,44.475769,-73.192491,6.0
P1337,44.475756,-73.199126,3.6
P1338,44.475756,-73.193763,9.2
P1339,44.475751,-73.193480,4.3
P1340,44.475729,-73.194587,3.8
P1341,44.475715,-73.202557,16.2
P1342,44.475693,-73.197584,11.7
P1343,44.475684,-73.203337,10.2
P1344,44.475666,-73.191856,4.5
P1345,44.475657,-73.192044,6.5
P1346,44.475634,-73.191736,5.0
P1347,44.475621,-73.193492,7.7
P1348,44.475616,-73.200599,7.1
P1349,44.475599,-73.197294,7.2
P1350,44.475599,-73.195437,6.5
P1351,44.475590,-73.191736,4.7
P1352,44.475581,-73.191264,4.2
P1353,44.475581,-73.191088,5.0
P1354,44.475558,-73.194304,4.1
P1355,44.475554,-73.191780,5.3
P1356,44.475540,-73.197212,5.9
P1357,44.475540,-73.193725,6.4
P1358,44.475536,-73.202733,14.7
P1359,44.475518,-73.196350,6.9
P1360,44.475518,-73.191849,7.0
P1361,44.475513,-73.200737,11.9
P1362,44.475509,-73.194241,8.6
P1363,44.475504,-73.200404,7.8
P1364,44.475495,-73.191900,6.0
P1365,44.475486,-73.191239,4.1
P1366,44.475477,-73.202462,21.9
P1367,44.475473,-73.194732,6.5
P1368,44.475473,-73.192485,4.2
P1369,44.475468,-73.202890,21.0
P1370,44.475446,-73.202380,12.1
P1371,44.475441,-73.192403,7.5
P1372,44.475437,-73.203306,10.3
P1373,44.475423,-73.194694,5.7
P1374,44.475423,-73.193989,20.0
P1375,44.475410,-73.196381,8.1
P1376,44.475405,-73.192265,5.8
P1377,44.475405,-73.191642,8.3
P1378,44.475392,-73.200618,9.8
P1379,44.475387,-73.193882,21.1
P1380,44.475383,-73.195576,9.4
P1381,44.475383,-73.192202,4.7
P1382,44.475383,-73.191037,13.1
P1383,44.475378,-73.196293,6.3
P1384,44.475360,-73.191276,4.2
P1385,44.475356,-73.194392,4.7
P1386,44.475347,-73.202878,13.4
P1387,44.475347,-73.192120,6.0
P1388,44.475342,-73.203381,18.6
P1389,44.475342,-73.199176,8.4
P1390,44.475342,-73.191642,9.4
P1391,44.475342,-73.191056,12.0
P1392,44.475338,-73.191553,10.5
P1393,44.475334,-73.191591,10.7
P1394,44.475320,-73.194562,5.0
P1395,44.475320,-73.191440,6.5
P1396,44.475307,-73.194802,7.0
P1397,44.475293,-73.199195,13.2
P1398,44.475293,-73.194890,5.5
P1399,44.475289,-73.194562,5.3
P1400,44.475284,-73.200228,12.0
P1401,44.475284,-73.194424,4.4
P1402,44.475284,-73.191018,11.6
P1403,44.475275,-73.193794,6.4
P1404,44.475266,-73.202871,12.7
P1405,44.475266,-73.192000,4.2
P1406,44.475262,-73.194638,7.2
P1407,44.475248,-73.199227,15.1
P1408,44.475230,-73.195676,6.8
P1409,44.475230,-73.191881,4.6
P1410,44.475226,-73.199170,11.3
P1411,44.475226,-73.191333,6.3
P1412,44.475221,-73.191119,12.3
P1413,44.475217,-73.200196,5.9
P1414,44.475217,-73.199453,8.9
P1415,44.475208,-73.200737,8.3
P1416,44.475208,-73.199403,8.5
P1417,44.475199,-73.202834,11.6
P1418,44.475199,-73.200234,6.0
P1419,44.475194,-73.196621,17.9
P1420,44.475194,-73.196438,7.6
P1421,44.475190,-73.196551,18.1
P1422,44.475190,-73.194531,6.8
P1423,44.475185,-73.196287,8.9
P1424,44.475181,-73.200442,18.3
P1425,44.475172,-73.199195,8.5
P1426,44.475172,-73.195588,7.2
P1427,44.475167,-73.196696,18.5
P1428,44.475167,-73.193864,7.5
P1429,44.475158,-73.202557,19.8
P1430,44.475149,-73.196652,18.5
P1431,44.475145,-73.200498,20.1
P1432,44.475136,-73.199441,9.4
P1433,44.475131,-73.196784,13.2
P1434,44.475122,-73.202733,21.0
P1435,44.475122,-73.202248,5.3
P1436,44.475122,-73.195507,7.4
P1437,44.475118,-73.199233,6.0
P1438,44.475118,-73.191623,4.7
P1439,44.475109,-73.199164,6.5
P1440,44.475104,-73.200567,5.7
P1441,44.475091,-73.196684,25.7
P1442,44.475091,-73.191673,3.7
P1443,44.475073,-73.195393,7.4
P1444,44.475046,-73.196293,10.4
P1445,44.475046,-73.191478,4.1
P1446,44.475042,-73.196835,13.8
P1447,44.475037,-73.199434,7.4
P1448,44.475037,-73.195292,7.3
P1449,44.475033,-73.195960,9.3
P1450,44.475024,-73.199176,9.7
P1451,44.475019,-73.196621,6.8
P1452,44.475006,-73.196533,9.1
P1453,44.474997,-73.203211,6.2
P1454,44.474997,-73.202896,8.5
P1455,44.474983,-73.202594,6.8
P1456,44.474983,-73.191264,7.4
P1457,44.474979,-73.202651,7.4
P1458,44.474979,-73.199195,9.1
P1459,44.474974,-73.195815,9.1
P1460,44.474965,-73.199913,16.0
P1461,44.474961,-73.199239,8.8
P1462,44.474956,-73.191031,12.8
P1463,44.474947,-73.199441,7.3
P1464,44.474947,-73.191201,9.6
P1465,44.474943,-73.191100,11.7
P1466,44.474916,-73.192485,6.2
P1467,44.474911,-73.195972,6.5
P1468,44.474902,-73.202393,6.4
P1469,44.474884,-73.202229,4.9
P1470,44.474884,-73.196419,5.8
P1471,44.474875,-73.196155,22.8
P1472,44.474871,-73.194474,4.7
P1473,44.474866,-73.199151,11.9
P1474,44.474853,-73.191214,14.2
P1475,44.474848,-73.191283,13.2
P1476,44.474848,-73.191119,11.6
P1477,44.474844,-73.199434,8.9
P1478,44.474839,-73.199334,8.8
P1479,44.474839,-73.199233,8.9
P1480,44.474826,-73.195475,8.7
P1481,44.474817,-73.199132,12.0
P1482,44.474812,-73.194694,12.9
P1483,44.474803,-73.191339,6.4
P1484,44.474799,-73.196463,12.8
P1485,44.474799,-73.195846,6.5
P1486,44.474790,-73.196180,11.5
P1487,44.474790,-73.194581,17.8
P1488,44.474777,-73.194512,17.6
P1489,44.474777,-73.191044,14.1
P1490,44.474772,-73.194726,6.5
P1491,44.474754,-73.199428,8.6
P1492,44.474754,-73.199233,9.7
P1493,44.474750,-73.200542,7.1
P1494,44.474750,-73.199529,6.4
P1495,44.474750,-73.199309,9.3
P1496,44.474750,-73.195444,10.2
P1497,44.474745,-73.199969,11.4
P1498,44.474736,-73.195953,10.0
P1499,44.474732,-73.200114,9.1
P1500,44.474732,-73.195815,14.7
P1501,44.474723,-73.199932,11.7
P1502,44.474718,-73.200397,6.7
P1503,44.474718,-73.194518,16.1
P1504,44.474714,-73.200058,9.3
P1505,44.474700,-73.200523,7.7
P1506,44.474682,-73.200687,5.5
P1507,44.474678,-73.191415,9.5
P1508,44.474673,-73.191144,20.5
P1509,44.474669,-73.195557,7.5
P1510,44.474660,-73.200555,7.8
P1511,44.474660,-73.199422,8.5
P1512,44.474660,-73.199233,8.8
P1513,44.474655,-73.191006,18.0
P1514,44.474651,-73.194436,14.3
P1515,44.474646,-73.196035,11.0
P1516,44.474637,-73.200001,9.2
P1517,44.474624,-73.200076,12.7
P1518,44.474624,-73.194373,17.4
P1519,44.474624,-73.194317,15.5
P1520,44.474624,-73.191931,10.7
P1521,44.474619,-73.199888,18.9
P1522,44.474619,-73.195299,8.2
P1523,44.474615,-73.195758,8.4
P1524,44.474615,-73.191421,12.9
P1525,44.474610,-73.199799,23.5
P1526,44.474610,-73.199378,9.2
P1527,44.474606,-73.199636,19.1
P1528,44.474606,-73.199472,18.3
P1529,44.474597,-73.196262,12.1
P1530,44.474597,-73.194273,17.4
P1531,44.474592,-73.196633,8.4
P1532,44.474592,-73.191975,10.5
P1533,44.474588,-73.194096,5.6
P1534,44.474583,-73.196388,10.9
P1535,44.474583,-73.194153,7.6
P1536,44.474579,-73.203306,19.5
P1537,44.474579,-73.195437,9.9
P1538,44.474574,-73.195362,10.7
P1539,44.474574,-73.191025,16.6
P1540,44.474570,-73.200385,21.5
P1541,44.474570,-73.200278,20.5
P1542,44.474570,-73.200196,19.0
P1543,44.474570,-73.195809,9.0
P1544,44.474561,-73.200731,13.6
P1545,44.474534,-73.194210,15.8
P1546,44.474503,-73.192032,10.4
P1547,44.474498,-73.191509,15.8
P1548,44.474485,-73.194802,7.9
P1549,44.474480,-73.194839,9.1
P1550,44.474476,-73.194015,13.9
P1551,44.474471,-73.195003,11.0
P1552,44.474467,-73.196337,8.4
P1553,44.474467,-73.194122,6.7
P1554,44.474462,-73.203268,5.3
P1555,44.474462,-73.191251,16.6
P1556,44.474458,-73.190987,14.1
P1557,44.474449,-73.191503,17.4
P1558,44.474440,-73.194109,6.7
P1559,44.474422,-73.203262,7.8
P1560,44.474422,-73.190754,11.8
P1561,44.474417,-73.191553,14.2
P1562,44.474413,-73.194002,11.1
P1563,44.474395,-73.191509,15.1
P1564,44.474381,-73.195758,11.6
P1565,44.474381,-73.190905,12.4
P1566,44.474377,-73.195116,13.9
P1567,44.474368,-73.195003,9.6
P1568,44.474359,-73.202343,10.1
P1569,44.474359,-73.194883,8.9
P1570,44.474359,-73.192284,6.4
P1571,44.474359,-73.191616,13.2
P1572,44.474354,-73.191195,17.4
P1573,44.474345,-73.191100,14.5
P1574,44.474341,-73.191528,15.9
P1575,44.474341,-73.190949,18.4
P1576,44.474336,-73.191314,20.4
P1577,44.474332,-73.193826,5.0
P1578,44.474323,-73.196533,12.2
P1579,44.474318,-73.193530,8.5
P1580,44.474318,-73.190735,11.9
P1581,44.474309,-73.203287,18.3
P1582,44.474309,-73.194525,13.8
P1583,44.474309,-73.191195,17.9
P1584,44.474305,-73.195223,12.2
P1585,44.474300,-73.191100,20.3
P1586,44.474300,-73.191056,18.3
P1587,44.474296,-73.191283,19.3
P1588,44.474282,-73.191522,20.1
P1589,44.474273,-73.190981,17.2
P1590,44.474260,-73.196822,19.5
P1591,44.474260,-73.194839,5.6
P1592,44.474256,-73.194518,12.7
P1593,44.474251,-73.194455,12.0
P1594,44.474247,-73.194361,9.6
P1595,44.474247,-73.191088,14.7
P1596,44.474238,-73.196885,19.4
P1597,44.474238,-73.191188,16.7
P1598,44.474233,-73.202387,13.3
P1599,44.474233,-73.191232,18.4
P1600,44.474229,-73.191333,18.8
P1601,44.474224,-73.193700,5.8
P1602,44.474220,-73.194418,12.1
P1603,44.474215,-73.196828,19.1
P1604,44.474211,-73.193341,7.0
P1605,44.474211,-73.190704,13.6
P1606,44.474206,-73.195337,14.5
P1607,44.474206,-73.193404,10.4
P1608,44.474206,-73.190987,12.3
P1609,44.474197,-73.194298,9.2
P1610,44.474193,-73.191698,17.2
P1611,44.474188,-73.194462,12.0
P1612,44.474188,-73.191396,20.2
P1613,44.474188,-73.191138,19.7
P1614,44.474184,-73.196879,16.5
P1615,44.474175,-73.193593,7.7
P1616,44.474170,-73.190930,10.1
P1617,44.474161,-73.195802,13.9
P1618,44.474161,-73.195355,15.5
P1619,44.474157,-73.194323,10.7
P1620,44.474152,-73.195418,14.5
P1621,44.474152,-73.193177,15.3
P1622,44.474148,-73.194594,8.9
P1623,44.474148,-73.191081,17.8
P1624,44.474143,-73.191365,20.5
P1625,44.474143,-73.190993,8.7
P1626,44.474130,-73.191125,19.1
P1627,44.474125,-73.196822,7.2
P1628,44.474125,-73.193467,6.3
P1629,44.474107,-73.191516,20.0
P1630,44.474103,-73.190672,13.3
P1631,44.474098,-73.194065,9.0
P1632,44.474098,-73.191585,12.8
P1633,44.474094,-73.194159,8.3
P1634,44.474094,-73.191031,12.5
P1635,44.474076,-73.193102,9.7
P1636,44.474076,-73.192787,4.9
P1637,44.474053,-73.196935,12.5
P1638,44.474053,-73.195481,15.8
P1639,44.474049,-73.197181,11.1
P1640,44.474049,-73.195418,15.0
P1641,44.474049,-73.191446,21.3
P1642,44.474044,-73.192435,5.2
P1643,44.474040,-73.191812,13.5
P1644,44.474035,-73.192479,4.4
P1645,44.474031,-73.193070,9.2
P1646,44.474026,-73.191302,18.5
P1647,44.474017,-73.191258,17.7
P1648,44.474013,-73.191837,12.1
P1649,44.474008,-73.191705,12.6
P1650,44.474004,-73.193725,5.8
P1651,44.474004,-73.192485,5.2
P1652,44.473995,-73.202475,8.0
P1653,44.473995,-73.192686,4.8
P1654,44.473995,-73.191490,19.7
P1655,44.473995,-73.190660,8.9
P1656,44.473982,-73.202745,7.0
P1657,44.473977,-73.202941,7.1
P1658,44.473977,-73.193870,8.6
P1659,44.473977,-73.193133,7.4
P1660,44.473977,-73.191862,11.3
P1661,44.473977,-73.191742,13.3
P1662,44.473973,-73.192611,5.6
P1663,44.473968,-73.192554,6.7
P1664,44.473964,-73.191579,17.2
P1665,44.473964,-73.191119,10.2
P1666,44.473959,-73.191207,18.5
P1667,44.473950,-73.195872,5.6
P1668,44.473941,-73.191705,15.9
P1669,44.473932,-73.191169,11.2
P1670,44.473928,-73.193020,6.2
P1671,44.473928,-73.191264,17.5
P1672,44.473910,-73.193511,8.0
P1673,44.473901,-73.191755,7.0
P1674,44.473892,-73.191692,10.3
P1675,44.473887,-73.197326,19.3
P1676,44.473887,-73.193668,9.3
P1677,44.473874,-73.193889,6.9
P1678,44.473860,-73.191547,16.0
P1679,44.473856,-73.193977,9.8
P1680,44.473842,-73.191270,17.5
P1681,44.473842,-73.191207,17.1
P1682,44.473833,-73.191415,20.6
P1683,44.473833,-73.191321,19.5
P1684,44.473829,-73.193624,9.4
P1685,44.473824,-73.192806,6.3
P1686,44.473820,-73.197105,19.6
P1687,44.473811,-73.195991,7.4
P1688,44.473811,-73.191214,18.0
P1689,44.473811,-73.190748,17.3
P1690,44.473788,-73.195255,8.9
P1691,44.473784,-73.191453,12.3
P1692,44.473775,-73.192686,7.0
P1693,44.473775,-73.191604,11.8
P1694,44.473775,-73.191295,15.4
P1695,44.473770,-73.191654,9.8
P1696,44.473757,-73.197143,16.4
P1697,44.473757,-73.191333,17.4
P1698,44.473752,-73.197080,15.8
P1699,44.473748,-73.194071,6.0
P1700,44.473721,-73.197464,15.9
P1701,44.473721,-73.197131,15.9
P1702,44.473717,-73.192567,6.2
P1703,44.473708,-73.197093,15.6
P1704,44.473694,-73.197212,15.3
P1705,44.473676,-73.192441,6.7
P1706,44.473640,-73.192938,6.2
P1707,44.473618,-73.192334,7.2
P1708,44.473604,-73.190471,13.5
P1709,44.473591,-73.190553,13.4
P1710,44.473586,-73.197244,14.2
P1711,44.473577,-73.193612,12.9
P1712,44.473577,-73.193517,13.8
P1713,44.473573,-73.197288,14.4
P1714,44.473550,-73.197212,13.0
P1715,44.473550,-73.195960,7.0
P1716,44.473550,-73.193561,13.9
P1717,44.473541,-73.193096,6.4
P1718,44.473532,-73.192718,6.2
P1719,44.473528,-73.193492,15.0
P1720,44.473523,-73.197269,13.3
P1721,44.473514,-73.197024,6.2
P1722,44.473514,-73.190534,9.3
P1723,44.473501,-73.193045,10.9
P1724,44.473496,-73.193159,10.4
P1725,44.473496,-73.192611,8.1
P1726,44.473478,-73.197565,18.1
P1727,44.473474,-73.192907,9.0
P1728,44.473469,-73.193259,10.5
P1729,44.473460,-73.194990,12.5
P1730,44.473456,-73.196388,8.0
P1731,44.473451,-73.196986,5.8
P1732,44.473447,-73.193133,9.1
P1733,44.473438,-73.192510,6.0
P1734,44.473438,-73.191025,7.8
P1735,44.473438,-73.190987,6.6
P1736,44.473425,-73.197496,14.0
P1737,44.473425,-73.197080,7.1
P1738,44.473407,-73.191717,11.1
P1739,44.473402,-73.193618,9.5
P1740,44.473402,-73.192712,5.6
P1741,44.473380,-73.192378,6.0
P1742,44.473353,-73.197571,16.0
P1743,44.473339,-73.191151,9.2
P1744,44.473339,-73.190735,9.8
P1745,44.473339,-73.190616,9.0
P1746,44.473317,-73.195884,6.5
P1747,44.473290,-73.195991,6.6
P1748,44.473281,-73.192164,5.9
P1749,44.473276,-73.192661,8.4
P1750,44.473267,-73.190741,11.7
P1751,44.473267,-73.190609,14.9
P1752,44.473254,-73.190559,14.8
P1753,44.473236,-73.192712,7.1
P1754,44.473227,-73.190823,14.0
P1755,44.473218,-73.194197,7.8
P1756,44.473213,-73.194877,7.2
P1757,44.473209,-73.197571,12.1
P1758,44.473209,-73.190949,5.1
P1759,44.473195,-73.194147,8.5
P1760,44.473195,-73.192680,5.1
P1761,44.473191,-73.195066,6.9
P1762,44.473186,-73.195777,7.6
P1763,44.473182,-73.190848,14.5
P1764,44.473173,-73.194197,6.1
P1765,44.473155,-73.192686,4.6
P1766,44.473128,-73.197609,13.5
P1767,44.473110,-73.197338,14.5
P1768,44.473110,-73.197269,13.4
P1769,44.473110,-73.190496,15.1
P1770,44.473106,-73.192642,5.2
P1771,44.473088,-73.191812,15.0
P1772,44.473083,-73.194279,8.3
P1773,44.473065,-73.197376,14.4
P1774,44.473061,-73.194329,8.3
P1775,44.473043,-73.197319,14.3
P1776,44.473043,-73.190943,16.1
P1777,44.473029,-73.191069,6.1
P1778,44.472989,-73.190943,10.4
P1779,44.472984,-73.190521,13.2
P1780,44.472980,-73.197666,18.6
P1781,44.472980,-73.190653,14.6
P1782,44.472953,-73.194487,6.0
P1783,44.472953,-73.190729,13.6
P1784,44.472930,-73.190880,6.9
P1785,44.472899,-73.190408,15.0
P1786,44.472863,-73.191220,6.1
P1787,44.472845,-73.190672,7.9
P1788,44.472809,-73.194254,8.9
P1789,44.472805,-73.194720,7.0
P1790,44.472787,-73.190578,7.4
P1791,44.472773,-73.196463,8.4
P1792,44.472764,-73.191025,7.6
P1793,44.472742,-73.195362,4.5
P1794,44.472742,-73.194921,9.0
P1795,44.472719,-73.194997,9.1
P1796,44.472697,-73.196778,5.7
P1797,44.472688,-73.190823,8.7
P1798,44.472679,-73.191107,15.7
P1799,44.472674,-73.191207,14.1
P1800,44.472665,-73.191037,13.3
P1801,44.472661,-73.191812,8.9
P1802,44.472643,-73.195381,5.3
P1803,44.472643,-73.191415,14.5
P1804,44.472634,-73.195777,8.6
P1805,44.472630,-73.197030,6.0
P1806,44.472630,-73.195318,6.2
P1807,44.472621,-73.191484,13.9
P1808,44.472616,-73.194726,8.2
P1809,44.472603,-73.192838,11.3
P1810,44.472598,-73.194241,4.1
P1811,44.472598,-73.191018,14.4
P1812,44.472594,-73.196747,7.1
P1813,44.472589,-73.193977,6.9
P1814,44.472580,-73.194122,4.9
P1815,44.472576,-73.197735,20.9
P1816,44.472567,-73.197005,11.4
P1817,44.472567,-73.195047,7.8
P1818,44.472558,-73.194210,4.2
P1819,44.472553,-73.191125,11.5
P1820,44.472549,-73.196904,8.8
P1821,44.472549,-73.191610,12.8
P1822,44.472549,-73.190974,11.4
P1823,44.472544,-73.190540,6.5
P1824,44.472540,-73.193983,6.9
P1825,44.472526,-73.190685,15.1
P1826,44.472522,-73.197250,13.7
P1827,44.472508,-73.196992,8.9
P1828,44.472499,-73.194525,8.6
P1829,44.472495,-73.195167,8.7
P1830,44.472495,-73.191654,10.6
P1831,44.472477,-73.191579,13.4
P1832,44.472468,-73.197212,12.4
P1833,44.472459,-73.194575,6.5
P1834,44.472454,-73.191642,11.6
P1835,44.472450,-73.197301,18.6
P1836,44.472450,-73.195148,6.9
P1837,44.472441,-73.195204,12.0
P1838,44.472436,-73.191705,11.2
P1839,44.472432,-73.197382,18.7
P1840,44.472418,-73.193713,8.0
P1841,44.472414,-73.197773,11.0
P1842,44.472396,-73.196747,6.9
P1843,44.472391,-73.191742,11.4
P1844,44.472387,-73.191673,11.8
P1845,44.472356,-73.196369,21.2
P1846,44.472351,-73.197332,18.8
P1847,44.472351,-73.196979,9.4
P1848,44.472347,-73.196042,3.8
P1849,44.472338,-73.197439,17.8
P1850,44.472338,-73.191717,9.6
P1851,44.472333,-73.196747,8.9
P1852,44.472329,-73.190710,14.8
P1853,44.472311,-73.190855,14.3
P1854,44.472306,-73.190792,16.0
P1855,44.472297,-73.197288,18.3
P1856,44.472288,-73.196167,10.1
P1857,44.472288,-73.194493,6.7
P1858,44.472288,-73.193398,9.0
P1859,44.472279,-73.197395,17.4
P1860,44.472270,-73.190981,14.6
P1861,44.472266,-73.192315,11.7
P1862,44.472257,-73.197697,16.4
P1863,44.472239,-73.193366,10.8
P1864,44.472234,-73.191585,11.8
P1865,44.472230,-73.192907,6.3
P1866,44.472225,-73.196778,5.8
P1867,44.472225,-73.191711,11.3
P1868,44.472225,-73.191056,13.5
P1869,44.472221,-73.193033,6.1
P1870,44.472216,-73.197760,18.3
P1871,44.472216,-73.192976,7.2
P1872,44.472207,-73.197395,20.7
P1873,44.472203,-73.190949,14.5
P1874,44.472189,-73.191396,16.3
P1875,44.472189,-73.191214,12.5
P1876,44.472176,-73.191075,12.8
P1877,44.472167,-73.190987,13.9
P1878,44.472140,-73.197697,16.9
P1879,44.472140,-73.197546,15.1
P1880,44.472131,-73.192101,11.8
P1881,44.472117,-73.193209,10.4
P1882,44.472108,-73.191144,16.0
P1883,44.472104,-73.191346,16.1
P1884,44.472099,-73.191547,15.2
P1885,44.472095,-73.191421,16.3
P1886,44.472090,-73.196740,7.6
P1887,44.472086,-73.192063,14.0
P1888,44.472073,-73.197773,12.6
P1889,44.472032,-73.192126,8.1
P1890,44.472019,-73.197804,16.4
P1891,44.471969,-73.192523,10.1
P1892,44.471965,-73.197622,12.0
P1893,44.471965,-73.196948,7.8
P1894,44.471956,-73.197684,12.5
P1895,44.471956,-73.195702,6.5
P1896,44.471956,-73.194015,12.5
P1897,44.471933,-73.195217,5.0
P1898,44.471929,-73.192542,12.1
P1899,44.471915,-73.197640,11.5
P1900,44.471915,-73.196778,8.2
P1901,44.471906,-73.196948,7.9
P1902,44.471879,-73.196803,8.1
P1903,44.471875,-73.191629,17.5
P1904,44.471857,-73.191409,15.9
P1905,44.471843,-73.191654,16.9
P1906,44.471830,-73.194594,6.4
P1907,44.471799,-73.191830,12.4
P1908,44.471790,-73.191081,16.3
P1909,44.471785,-73.192013,13.5
P1910,44.471776,-73.197181,10.0
P1911,44.471772,-73.196879,8.0
P1912,44.471767,-73.197477,12.9
P1913,44.471763,-73.197024,9.5
P1914,44.471758,-73.192296,15.6
P1915,44.471758,-73.191239,7.1
P1916,44.471749,-73.191560,14.9
P1917,44.471749,-73.191377,16.5
P1918,44.471745,-73.192170,5.4
P1919,44.471740,-73.191207,6.1
P1920,44.471736,-73.195028,11.8
P1921,44.471736,-73.193744,11.4
P1922,44.471731,-73.191988,14.1
P1923,44.471731,-73.191912,15.5
P1924,44.471722,-73.194569,7.2
P1925,44.471713,-73.191648,14.0
P1926,44.471704,-73.192088,16.6
P1927,44.471695,-73.196929,6.3
P1928,44.471668,-73.196224,6.7
P1929,44.471664,-73.196935,9.1
P1930,44.471659,-73.194204,4.0
P1931,44.471632,-73.196872,8.6
P1932,44.471623,-73.197760,14.3
P1933,44.471623,-73.196230,5.2
P1934,44.471619,-73.196954,8.8
P1935,44.471610,-73.198987,28.7
P1936,44.471601,-73.195022,6.0
P1937,44.471587,-73.200209,7.7
P1938,44.471587,-73.199799,14.9
P1939,44.471587,-73.199346,13.7
P1940,44.471574,-73.196898,8.5
P1941,44.471565,-73.193448,4.4
P1942,44.471560,-73.200083,11.9
P1943,44.471560,-73.198836,20.0
P1944,44.471556,-73.198604,28.2
P1945,44.471556,-73.198490,30.3
P1946,44.471556,-73.197848,20.1
P1947,44.471547,-73.196929,8.8
P1948,44.471533,-73.199837,11.8
P1949,44.471533,-73.199730,12.2
P1950,44.471529,-73.198704,28.4
P1951,44.471525,-73.197974,17.8
P1952,44.471520,-73.197760,13.0
P1953,44.471507,-73.198987,16.6
P1954,44.471507,-73.196917,5.8
P1955,44.471507,-73.193511,5.0
P1956,44.471475,-73.197540,7.0
P1957,44.471471,-73.198371,28.1
P1958,44.471462,-73.198522,28.1
P1959,44.471457,-73.194525,8.1
P1960,44.471453,-73.200039,6.9
P1961,44.471453,-73.197735,18.2
P1962,44.471453,-73.196117,5.5
P1963,44.471448,-73.198226,12.9
P1964,44.471435,-73.198868,16.0
P1965,44.471430,-73.199781,18.2
P1966,44.471430,-73.198685,29.2
P1967,44.471430,-73.197552,11.3
P1968,44.471426,-73.198597,29.4
P1969,44.471426,-73.197313,9.6
P1970,44.471421,-73.194965,7.2
P1971,44.471417,-73.198950,10.8
P1972,44.471417,-73.197382,5.5
P1973,44.471417,-73.192838,10.1
P1974,44.471412,-73.197269,9.1
P1975,44.471408,-73.198006,20.2
P1976,44.471408,-73.197603,10.5
P1977,44.471403,-73.198427,26.2
P1978,44.471399,-73.198169,16.7
P1979,44.471385,-73.199900,23.7
P1980,44.471381,-73.198339,23.2
P1981,44.471372,-73.198792,22.2
P1982,44.471358,-73.197773,12.8
P1983,44.471358,-73.193278,13.2
P1984,44.471336,-73.198950,14.4
P1985,44.471331,-73.198597,28.9
P1986,44.471318,-73.198213,27.5
P1987,44.471300,-73.198446,29.3
P1988,44.471300,-73.194562,8.5
P1989,44.471300,-73.192579,5.1
P1990,44.471295,-73.192913,12.2
P1991,44.471291,-73.197760,8.5
P1992,44.471291,-73.194713,8.2
P1993,44.471291,-73.193228,10.4
P1994,44.471286,-73.199107,11.1
P1995,44.471282,-73.199617,7.8
P1996,44.471282,-73.194638,7.8
P1997,44.471282,-73.192856,11.5
P1998,44.471268,-73.200215,12.9
P1999,44.471268,-73.199548,9.5
P2000,44.471268,-73.192806,10.3
P2001,44.471264,-73.199699,12.6
P2002,44.471259,-73.192573,5.5
P2003,44.471255,-73.199434,8.5
P2004,44.471255,-73.198899,16.0
P2005,44.471255,-73.198157,28.1
P2006,44.471251,-73.199057,13.5
P2007,44.471251,-73.198975,17.5
P2008,44.471251,-73.193473,13.2
P2009,44.471246,-73.200001,10.3
P2010,44.471246,-73.198604,30.6
P2011,44.471246,-73.195003,8.7
P2012,44.471242,-73.200335,12.0
P2013,44.471242,-73.199799,7.1
P2014,44.471242,-73.197256,15.0
P2015,44.471242,-73.192831,10.1
P2016,44.471237,-73.197212,14.4
P2017,44.471233,-73.198773,27.6
P2018,44.471233,-73.197836,24.7
P2019,44.471233,-73.192787,9.0
P2020,44.471224,-73.200095,12.1
P2021,44.471224,-73.192567,5.6
P2022,44.471219,-73.199768,7.7
P2023,44.471210,-73.198711,28.3
P2024,44.471206,-73.199428,6.8
P2025,44.471206,-73.198333,27.1
P2026,44.471197,-73.199384,9.7
P2027,44.471192,-73.193794,10.5
P2028,44.471192,-73.192768,11.4
P2029,44.471188,-73.199919,11.9
P2030,44.471188,-73.198899,28.3
P2031,44.471183,-73.199088,15.6
P2032,44.471170,-73.196230,6.6
P2033,44.471165,-73.197892,25.8
P2034,44.471165,-73.195783,9.3
P2035,44.471147,-73.198654,30.2
P2036,44.471138,-73.198534,30.3
P2037,44.471129,-73.199938,11.6
P2038,44.471125,-73.199667,16.4
P2039,44.471125,-73.199579,16.8
P2040,44.471125,-73.198440,28.7
P2041,44.471120,-73.197231,14.1
P2042,44.471102,-73.194147,5.4
P2043,44.471084,-73.198100,27.2
P2044,44.471071,-73.200385,7.3
P2045,44.471066,-73.198729,26.8
P2046,44.471066,-73.197357,14.2
P2047,44.471057,-73.198962,26.6
P2048,44.471053,-73.198415,29.6
P2049,44.471044,-73.194046,5.5
P2050,44.471039,-73.197313,7.2
P2051,44.471035,-73.194141,5.3
P2052,44.471021,-73.198799,27.8
P2053,44.471021,-73.198238,25.9
P2054,44.471017,-73.199881,7.7
P2055,44.471012,-73.199088,23.3
P2056,44.470994,-73.192416,7.4
P2057,44.470972,-73.198094,24.4
P2058,44.470968,-73.200404,7.4
P2059,44.470968,-73.199013,25.1
P2060,44.470950,-73.198553,26.7
P2061,44.470950,-73.198031,24.2
P2062,44.470945,-73.198711,28.3
P2063,44.470945,-73.198446,27.0
P2064,44.470941,-73.198251,24.3
P2065,44.470941,-73.192397,8.6
P2066,44.470936,-73.194676,7.0
P2067,44.470918,-73.199032,11.3
P2068,44.470914,-73.198371,26.4
P2069,44.470914,-73.194632,8.5
P2070,44.470900,-73.198043,24.1
P2071,44.470878,-73.199126,9.5
P2072,44.470873,-73.198836,25.6
P2073,44.470869,-73.198748,25.8
P2074,44.470864,-73.198213,25.6
P2075,44.470851,-73.198975,4.0
P2076,44.470851,-73.196293,8.6
P2077,44.470851,-73.194166,12.1
P2078,44.470842,-73.197470,7.5
P2079,44.470833,-73.200322,20.2
P2080,44.470828,-73.198666,26.8
P2081,44.470828,-73.198534,24.2
P2082,44.470828,-73.196520,10.3
P2083,44.470824,-73.200221,14.4
P2084,44.470824,-73.198320,25.0
P2085,44.470824,-73.196426,13.3
P2086,44.470819,-73.198811,25.7
P2087,44.470815,-73.196709,13.7
P2088,44.470806,-73.198087,22.9
P2089,44.470801,-73.196866,10.4
P2090,44.470797,-73.192365,9.7
P2091,44.470792,-73.200278,18.8
P2092,44.470792,-73.198220,22.7
P2093,44.470770,-73.197678,30.4
P2094,44.470765,-73.197993,23.2
P2095,44.470761,-73.196306,9.9
P2096,44.470756,-73.196381,12.3
P2097,44.470747,-73.200165,16.5
P2098,44.470743,-73.193939,6.8
P2099,44.470743,-73.192630,8.1
P2100,44.470738,-73.196677,11.2
P2101,44.470734,-73.198371,21.7
P2102,44.470734,-73.196866,11.9
P2103,44.470734,-73.196791,11.6
P2104,44.470729,-73.197584,34.7
P2105,44.470725,-73.197678,30.3
P2106,44.470725,-73.195947,6.0
P2107,44.470725,-73.194034,6.4
P2108,44.470707,-73.198522,21.5
P2109,44.470707,-73.197439,11.3
P2110,44.470702,-73.198434,21.8
P2111,44.470694,-73.192617,7.9
P2112,44.470685,-73.196810,8.1
P2113,44.470667,-73.200272,22.7
P2114,44.470662,-73.199447,12.7
P2115,44.470662,-73.198591,20.9
P2116,44.470649,-73.199497,16.6
P2117,44.470649,-73.192359,9.0
P2118,44.470640,-73.198685,20.5
P2119,44.470635,-73.195022,5.6
P2120,44.470626,-73.195418,10.6
P2121,44.470617,-73.197426,10.9
P2122,44.470613,-73.199497,14.4
P2123,44.470613,-73.198962,6.4
P2124,44.470608,-73.196721,12.4
P2125,44.470604,-73.195022,5.9
P2126,44.470599,-73.195664,6.1
P2127,44.470595,-73.192347,8.1
P2128,44.470568,-73.198100,12.6
P2129,44.470568,-73.197458,14.0
P2130,44.470550,-73.192340,9.4
P2131,44.470509,-73.192315,10.5
P2132,44.470487,-73.197156,21.1
P2133,44.470464,-73.200353,5.6
P2134,44.470464,-73.197017,20.5
P2135,44.470437,-73.200272,19.2
P2136,44.470419,-73.196860,20.3
P2137,44.470419,-73.196350,10.8
P2138,44.470415,-73.197137,20.5
P2139,44.470379,-73.200240,23.7
P2140,44.470370,-73.196986,18.5
P2141,44.470348,-73.192290,10.5
P2142,44.470316,-73.196426,9.7
P2143,44.470312,-73.196967,19.7
P2144,44.470307,-73.198408,5.1
P2145,44.470285,-73.197086,11.7
P2146,44.470276,-73.196747,11.9
P2147,44.470231,-73.198056,6.8
P2148,44.470222,-73.196010,12.4
P2149,44.470195,-73.197917,4.2
P2150,44.470190,-73.196684,11.7
P2151,44.470150,-73.200265,8.8
P2152,44.470150,-73.192265,8.5
P2153,44.470128,-73.196155,9.7
P2154,44.470128,-73.196105,10.4
P2155,44.470123,-73.200353,8.2
P2156,44.470087,-73.192258,9.1
P2157,44.470042,-73.192504,7.9
P2158,44.470015,-73.200360,7.8
P2159,44.470015,-73.192227,9.5
P2160,44.469975,-73.198068,4.2
P2161,44.469966,-73.198755,9.1
P2162,44.469966,-73.192240,10.3
P2163,44.469939,-73.199038,15.0
P2164,44.469907,-73.199107,13.7
P2165,44.469907,-73.192221,11.3
P2166,44.469880,-73.196954,25.5
P2167,44.469876,-73.197943,13.6
P2168,44.469853,-73.197105,23.6
P2169,44.469845,-73.192214,11.7
P2170,44.469822,-73.197930,17.5
P2171,44.469818,-73.198805,10.9
P2172,44.469818,-73.198087,12.3
P2173,44.469800,-73.197999,15.5
P2174,44.469786,-73.197024,24.5
P2175,44.469786,-73.192195,11.3
P2176,44.469777,-73.197118,23.2
P2177,44.469773,-73.192019,21.8
P2178,44.469768,-73.198799,11.0
P2179,44.469768,-73.197898,13.9
P2180,44.469737,-73.198711,9.8
P2181,44.469719,-73.198918,14.7
P2182,44.469710,-73.192177,10.1
P2183,44.469705,-73.200272,5.9
P2184,44.469660,-73.198912,13.9
P2185,44.469651,-73.198742,10.7
P2186,44.469647,-73.197345,15.1
P2187,44.469606,-73.198723,8.0
P2188,44.469575,-73.198767,9.0
P2189,44.469566,-73.194373,11.0
P2190,44.469553,-73.194569,8.6
P2191,44.469530,-73.200246,14.3
P2192,44.469530,-73.198616,4.9
P2193,44.469521,-73.199088,11.7
P2194,44.469503,-73.198736,5.3
P2195,44.469503,-73.197710,7.1
P2196,44.469499,-73.200221,11.6
P2197,44.469481,-73.196904,8.7
P2198,44.469449,-73.197042,7.5
P2199,44.469445,-73.192139,7.5
P2200,44.469427,-73.198056,9.4
P2201,44.469382,-73.197124,9.5
P2202,44.469377,-73.197282,9.4
P2203,44.469283,-73.192177,5.5
P2204,44.469261,-73.192365,5.3
P2205,44.469243,-73.192674,4.9
P2206,44.469229,-73.198427,11.1
P2207,44.469211,-73.198377,12.9
P2208,44.469184,-73.199497,5.9
P2209,44.469175,-73.198408,13.5
P2210,44.469175,-73.198327,11.8
P2211,44.469162,-73.198459,12.5
P2212,44.469148,-73.200070,5.6
P2213,44.469139,-73.200158,5.6
P2214,44.469112,-73.200290,5.8
P2215,44.469112,-73.192428,5.4
P2216,44.469112,-73.192353,5.3
P2217,44.469099,-73.199969,6.2
P2218,44.469099,-73.192504,4.9
P2219,44.469094,-73.192586,7.6
P2220,44.469085,-73.192668,6.8
P2221,44.469081,-73.193927,6.6
P2222,44.469058,-73.197357,5.5
P2223,44.469054,-73.198490,15.9
P2224,44.469040,-73.193354,8.4
P2225,44.469040,-73.193259,6.1
P2226,44.469036,-73.200114,22.1
P2227,44.469022,-73.198748,15.1
P2228,44.469018,-73.197124,8.5
P2229,44.468996,-73.199504,7.4
P2230,44.468996,-73.197282,8.9
P2231,44.468991,-73.199831,9.7
P2232,44.468960,-73.199422,4.9
P2233,44.468960,-73.194814,7.1
P2234,44.468946,-73.200108,19.8
P2235,44.468937,-73.198685,13.6
P2236,44.468919,-73.199655,11.2
P2237,44.468919,-73.198773,12.9
P2238,44.468906,-73.200234,8.4
P2239,44.468847,-73.200246,8.0
P2240,44.468820,-73.199579,13.6
P2241,44.468811,-73.198830,11.0
P2242,44.468802,-73.200058,4.9
P2243,44.468798,-73.200240,8.4
P2244,44.468793,-73.198648,7.3
P2245,44.468789,-73.191988,11.9
P2246,44.468762,-73.199969,7.1
P2247,44.468753,-73.198320,9.9
P2248,44.468726,-73.200246,7.6
P2249,44.468721,-73.200089,5.6
P2250,44.468717,-73.198692,6.1
P2251,44.468699,-73.195431,8.9
P2252,44.468672,-73.191975,14.9
P2253,44.468645,-73.200209,6.7
P2254,44.468623,-73.198906,4.4
P2255,44.468609,-73.200290,8.3
P2256,44.468591,-73.199636,12.0
P2257,44.468591,-73.198238,14.4
P2258,44.468573,-73.200316,6.4
P2259,44.468564,-73.200234,6.8
P2260,44.468524,-73.199642,14.1
P2261,44.468519,-73.200328,6.8
P2262,44.468506,-73.199743,11.3
P2263,44.468488,-73.199220,5.0
P2264,44.468479,-73.199038,6.6
P2265,44.468474,-73.200253,5.4
P2266,44.468470,-73.198862,11.1
P2267,44.468465,-73.200076,4.1
P2268,44.468447,-73.195783,8.7
P2269,44.468447,-73.195670,4.1
P2270,44.468443,-73.200322,7.7
P2271,44.468443,-73.199680,12.5
P2272,44.468443,-73.191925,16.7
P2273,44.468416,-73.200372,6.3
P2274,44.468407,-73.198906,7.2
P2275,44.468403,-73.198818,9.4
P2276,44.468403,-73.195985,5.2
P2277,44.468376,-73.200297,7.2
P2278,44.468376,-73.195739,4.6
P2279,44.468371,-73.196092,7.2
P2280,44.468353,-73.200366,6.6
P2281,44.468353,-73.191912,14.6
P2282,44.468317,-73.197773,10.5
P2283,44.468317,-73.191906,14.6
P2284,44.468313,-73.200215,5.1
P2285,44.468313,-73.197615,14.7
P2286,44.468299,-73.199995,4.1
P2287,44.468295,-73.200328,7.3
P2288,44.468281,-73.200379,7.4
P2289,44.468277,-73.200089,5.4
P2290,44.468259,-73.195721,5.6
P2291,44.468245,-73.198320,4.7
P2292,44.468223,-73.199340,5.0
P2293,44.468218,-73.200391,6.8
P2294,44.468209,-73.191887,17.0
P2295,44.468169,-73.200624,12.0
P2296,44.468160,-73.200397,6.8
P2297,44.468133,-73.196004,5.0
P2298,44.468133,-73.191881,13.1
P2299,44.467985,-73.200001,12.8
P2300,44.467985,-73.191818,15.0
P2301,44.467976,-73.198308,6.2
P2302,44.467967,-73.200133,7.8
P2303,44.467953,-73.199321,4.7
P2304,44.467940,-73.195714,6.9
P2305,44.467895,-73.200467,13.7
P2306,44.467895,-73.195708,6.0
P2307,44.467890,-73.197527,15.5
P2308,44.467886,-73.191874,10.7
P2309,44.467877,-73.200202,22.0
P2310,44.467863,-73.200442,9.4
P2311,44.467863,-73.195714,6.3
P2312,44.467859,-73.191805,15.0
P2313,44.467819,-73.199938,10.3
P2314,44.467801,-73.199233,6.5
P2315,44.467796,-73.199988,10.6
P2316,44.467765,-73.200014,11.2
P2317,44.467751,-73.196010,7.3
P2318,44.467733,-73.195947,6.6
P2319,44.467706,-73.197357,5.2
P2320,44.467697,-73.199969,17.2
P2321,44.467670,-73.195941,6.4
P2322,44.467643,-73.199189,5.2
P2323,44.467643,-73.191761,15.7
P2324,44.467616,-73.199925,16.9
P2325,44.467598,-73.200574,14.6
P2326,44.467589,-73.200284,11.8
P2327,44.467567,-73.200039,18.1
P2328,44.467558,-73.199044,6.5
P2329,44.467536,-73.191812,16.6
P2330,44.467518,-73.199925,14.4
P2331,44.467513,-73.200826,11.5
P2332,44.467513,-73.198012,12.9
P2333,44.467500,-73.198075,16.7
P2334,44.467477,-73.199831,13.6
P2335,44.467455,-73.191730,14.6
P2336,44.467432,-73.198339,5.6
P2337,44.467410,-73.191742,14.5
P2338,44.467347,-73.198371,12.7
P2339,44.467347,-73.198194,10.7
P2340,44.467329,-73.200303,10.3
P2341,44.467329,-73.198994,15.2
P2342,44.467329,-73.198459,15.9
P2343,44.467320,-73.199982,11.1
P2344,44.467315,-73.199428,12.5
P2345,44.467293,-73.199907,11.6
P2346,44.467275,-73.198893,9.5
P2347,44.467235,-73.199982,11.3
P2348,44.467217,-73.196029,5.5
P2349,44.467212,-73.197974,7.8
P2350,44.467194,-73.191698,19.0
P2351,44.467082,-73.198100,10.7
P2352,44.467073,-73.195658,10.8
P2353,44.467064,-73.191679,13.7
P2354,44.467059,-73.200240,10.3
P2355,44.467032,-73.195664,11.5
P2356,44.467001,-73.198062,11.3
P2357,44.466943,-73.200800,7.1
P2358,44.466943,-73.199623,8.1
P2359,44.466938,-73.191660,11.1
P2360,44.466934,-73.200460,5.8
P2361,44.466929,-73.200335,5.7
P2362,44.466929,-73.196432,21.5
P2363,44.466916,-73.195733,13.4
P2364,44.466911,-73.195991,8.2
P2365,44.466893,-73.195783,15.2
P2366,44.466889,-73.196533,20.7
P2367,44.466889,-73.196142,19.3
P2368,44.466875,-73.200756,15.3
P2369,44.466875,-73.199466,8.9
P2370,44.466875,-73.196268,22.5
P2371,44.466866,-73.200517,4.9
P2372,44.466866,-73.195765,14.6
P2373,44.466862,-73.196784,25.8
P2374,44.466844,-73.200303,6.4
P2375,44.466844,-73.196155,19.4
P2376,44.466826,-73.195903,23.0
P2377,44.466821,-73.200039,9.2
P2378,44.466812,-73.199768,5.8
P2379,44.466812,-73.196193,15.8
P2380,44.466808,-73.196614,23.2
P2381,44.466790,-73.199894,9.8
P2382,44.466785,-73.200794,17.1
P2383,44.466785,-73.196381,21.2
P2384,44.466781,-73.195702,14.1
P2385,44.466763,-73.195846,24.2
P2386,44.466758,-73.199655,7.0
P2387,44.466740,-73.195607,12.6
P2388,44.466731,-73.200895,8.6
P2389,44.466727,-73.196816,21.6
P2390,44.466727,-73.195733,14.6
P2391,44.466713,-73.199567,7.6
P2392,44.466709,-73.199013,11.2
P2393,44.466700,-73.199888,15.9
P2394,44.466700,-73.196476,23.0
P2395,44.466696,-73.195519,20.4
P2396,44.466687,-73.200397,17.0
P2397,44.466682,-73.200618,16.4
P2398,44.466678,-73.195595,19.0
P2399,44.466673,-73.196935,18.2
P2400,44.466669,-73.200933,9.0
P2401,44.466669,-73.198648,4.0
P2402,44.466660,-73.200486,16.4
P2403,44.466642,-73.200725,14.2
P2404,44.466642,-73.200228,14.3
P2405,44.466642,-73.198811,8.2
P2406,44.466642,-73.197036,15.7
P2407,44.466637,-73.197508,14.5
P2408,44.466624,-73.200807,12.9
P2409,44.466619,-73.197426,9.8
P2410,44.466615,-73.200643,16.4
P2411,44.466615,-73.200360,13.5
P2412,44.466606,-73.196778,20.7
P2413,44.466597,-73.200731,14.8
P2414,44.466588,-73.197546,16.7
P2415,44.466583,-73.200851,8.2
P2416,44.466583,-73.199749,11.5
P2417,44.466583,-73.199472,8.3
P2418,44.466583,-73.198698,5.0
P2419,44.466574,-73.200215,17.7
P2420,44.466574,-73.199604,11.1
P2421,44.466570,-73.200593,14.4
P2422,44.466570,-73.197653,8.7
P2423,44.466565,-73.200939,10.4
P2424,44.466561,-73.200064,12.9
P2425,44.466561,-73.197999,13.6
P2426,44.466552,-73.200322,16.1
P2427,44.466552,-73.200014,11.8
P2428,44.466552,-73.197943,11.8
P2429,44.466543,-73.199630,10.1
P2430,44.466538,-73.200870,7.5
P2431,44.466534,-73.200429,12.0
P2432,44.466529,-73.200372,15.5
P2433,44.466498,-73.200347,15.9
P2434,44.466484,-73.200933,9.6
P2435,44.466484,-73.199164,7.1
P2436,44.466475,-73.200404,16.1
P2437,44.466466,-73.200888,7.0
P2438,44.466462,-73.198635,4.6
P2439,44.466444,-73.200612,11.1
P2440,44.466444,-73.200328,14.0
P2441,44.466430,-73.199170,10.6
P2442,44.466421,-73.200674,12.9
P2443,44.466421,-73.200284,13.6
P2444,44.466404,-73.200725,12.9
P2445,44.466404,-73.200366,10.9
P2446,44.466399,-73.200995,8.7
P2447,44.466399,-73.200051,8.7
P2448,44.466395,-73.199139,12.1
P2449,44.466390,-73.200630,12.5
P2450,44.466381,-73.199907,13.0
P2451,44.466363,-73.200341,10.3
P2452,44.466363,-73.199120,9.4
P2453,44.466359,-73.200656,11.8
P2454,44.466345,-73.200246,12.8
P2455,44.466327,-73.199913,10.9
P2456,44.466318,-73.199617,14.4
P2457,44.466314,-73.199447,13.4
P2458,44.466305,-73.200656,9.6
P2459,44.466305,-73.200265,12.2
P2460,44.466291,-73.200951,6.4
P2461,44.466260,-73.200372,8.0
P2462,44.466260,-73.199422,12.4
P2463,44.466242,-73.199132,8.7
P2464,44.466237,-73.199611,16.1
P2465,44.466233,-73.201058,8.1
P2466,44.466233,-73.201021,8.7
P2467,44.466228,-73.200706,11.5
P2468,44.466210,-73.200328,8.9
P2469,44.466210,-73.199453,12.7
P2470,44.466206,-73.199623,16.2
P2471,44.466188,-73.198383,14.4
P2472,44.466183,-73.201014,9.6
P2473,44.466179,-73.199441,11.4
P2474,44.466165,-73.200769,10.1
P2475,44.466165,-73.199636,14.6
P2476,44.466161,-73.200719,12.9
P2477,44.466161,-73.200341,8.6
P2478,44.466161,-73.200026,14.7
P2479,44.466156,-73.199151,9.7
P2480,44.466134,-73.199497,7.5
P2481,44.466129,-73.201077,9.3
P2482,44.466129,-73.200995,5.5
P2483,44.466125,-73.200756,9.8
P2484,44.466103,-73.200026,12.9
P2485,44.466085,-73.199466,12.2
P2486,44.466085,-73.199416,12.2
P2487,44.466080,-73.200719,9.7
P2488,44.466058,-73.201084,8.4
P2489,44.466035,-73.200744,10.8
P2490,44.466031,-73.199315,10.7
P2491,44.466022,-73.199466,13.0
P2492,44.466017,-73.200290,12.3
P2493,44.466013,-73.200530,13.3
P2494,44.466008,-73.200920,13.2
P2495,44.466008,-73.200347,12.2
P2496,44.466008,-73.199988,14.1
P2497,44.466004,-73.200467,13.7
P2498,44.465999,-73.199875,12.0
P2499,44.465995,-73.199598,12.7
P2500,44.465995,-73.198421,10.9
P2501,44.465990,-73.200995,11.2
P2502,44.465990,-73.200737,13.3
P2503,44.465981,-73.200605,12.4
P2504,44.465981,-73.200020,12.6
P2505,44.465981,-73.199151,5.3
P2506,44.465977,-73.200202,13.1
P2507,44.465972,-73.200674,11.6
P2508,44.465963,-73.200933,13.1
P2509,44.465963,-73.200800,15.0
P2510,44.465927,-73.201103,9.5
P2511,44.465896,-73.201096,9.2
P2512,44.465896,-73.201027,11.6
P2513,44.465797,-73.199202,9.1
P2514,44.465757,-73.200731,22.5
P2515,44.465757,-73.200599,8.2
P2516,44.465752,-73.200517,7.4
P2517,44.465743,-73.200958,9.1
P2518,44.465743,-73.200473,9.9
P2519,44.465743,-73.200335,12.8
P2520,44.465721,-73.200863,18.2
P2521,44.465716,-73.201159,14.2
