city_id,replacement_usd,carbon_storage_lb,carbon_storage_usd,carbon_sequestration_lb_yr,carbon_sequestration_usd_yr,avoided_runoff_gal_yr,avoided_runoff_usd_yr,pollution_removal_oz_yr,pollution_removal_usd_yr,oxygen_lb_yr,total_benefits_usd_yr
BTV-886,2139.42,768.7,166.32,14.3,3.09,204.6,1.83,3.2,1.15,38.1,6.08
BTV-887,972.2,216.5,46.85,9.9,2.15,60.6,0.54,1,0.34,26.5,3.03
BTV-888,1147.72,288.3,62.37,11.7,2.54,96.6,0.86,1.5,0.55,31.3,3.95
BTV-889,1287.69,288.3,62.37,13.2,2.85,84.4,0.75,1.3,0.48,35.2,4.08
BTV-890,2998.53,1247.2,269.84,19.1,4.13,311.4,2.78,4.9,1.76,50.9,8.67
BTV-891,3321.85,1438.1,311.16,20.8,4.49,384.3,3.43,6.1,2.17,55.4,10.1
BTV-892,2998.53,1247.2,269.84,19.1,4.13,311.4,2.78,4.9,1.76,50.9,8.67
BTV-893,2400.33,768.7,166.32,16,3.47,289,2.58,4.6,1.63,42.8,7.69
BTV-894,1659.06,523.5,113.27,11.4,2.46,128.6,1.15,2,0.73,30.3,4.33
BTV-1505,150.4,19,4.11,2.6,0.57,11.9,0.11,0.2,0.07,7,0.74
BTV-1506,815.7,57.9,12.52,2.4,0.53,41.1,0.37,0.6,0.23,6.5,1.12
BTV-1507,347.59,17.7,3.82,1.7,0.36,19.5,0.17,0.3,0.11,4.5,0.65
BTV-2371,77.45,5.4,1.17,0.9,0.2,5.1,0.05,0.1,0.03,2.5,0.27
BTV-2372,86.9,5.4,1.17,1,0.23,6.1,0.05,0.1,0.03,2.8,0.31
BTV-2374,1354.14,207.1,44.82,7.9,1.7,127.3,1.14,2,0.72,21,3.56
BTV-2375,320.85,47.5,10.28,3.1,0.68,21.9,0.2,0.3,0.12,8.4,1
BTV-2376,69.9,3.8,0.81,0.9,0.2,2.3,0.02,0,0.01,2.4,0.23
BTV-2377,83.07,8.1,1.75,1.8,0.38,5.7,0.05,0.1,0.03,4.7,0.46
BTV-4864,693.26,35.3,7.65,2.2,0.48,50.7,0.45,0.8,0.29,5.9,1.22
BTV-4865,687.67,127.2,27.53,10.4,2.26,62.8,0.56,1,0.35,27.8,3.17
BTV-4866,787.08,184.8,39.98,12.9,2.79,91.2,0.81,1.4,0.51,34.4,4.12
BTV-4867,628.76,141.5,30.61,9.2,1.99,28,0.25,0.4,0.16,24.6,2.4
BTV-5003,709.74,46,9.96,2.2,0.48,49.7,0.44,0.8,0.28,5.9,1.2
BTV-5004,693.26,35.3,7.65,2.2,0.48,45.9,0.41,0.7,0.26,5.9,1.15
BTV-5005,1049.92,70.8,15.32,3,0.64,82.7,0.74,1.3,0.47,7.9,1.85
BTV-5006,815.7,57.9,12.52,2.4,0.53,73.7,0.66,1.2,0.42,6.5,1.6
BTV-5007,1049.92,70.8,15.32,3,0.64,112.8,1.01,1.8,0.64,7.9,2.29
BTV-5008,815.7,57.9,12.52,2.4,0.53,59.3,0.53,0.9,0.33,6.5,1.39
BTV-5009,1200.5,84.8,18.35,3.2,0.69,129.5,1.16,2,0.73,8.5,2.58
BTV-5010,1070.01,84.8,18.35,2.8,0.61,111.1,0.99,1.8,0.63,7.6,2.23
BTV-5011,1070.01,84.8,18.35,2.8,0.61,128.3,1.15,2,0.72,7.6,2.48
BTV-5012,915.18,57.9,12.52,2.7,0.59,92.3,0.82,1.5,0.52,7.3,1.94
BTV-5013,915.18,57.9,12.52,2.7,0.59,99.1,0.89,1.6,0.56,7.3,2.03
BTV-5014,796.3,46,9.96,2.5,0.54,58.4,0.52,0.9,0.33,6.6,1.39
BTV-5015,693.26,35.3,7.65,2.2,0.48,45.9,0.41,0.7,0.26,5.9,1.15
BTV-5016,796.3,46,9.96,2.5,0.54,58.4,0.52,0.9,0.33,6.6,1.39
BTV-5017,1200.5,84.8,18.35,3.2,0.69,159.1,1.42,2.5,0.9,8.5,3.01
BTV-5018,1049.92,70.8,15.32,3,0.64,112.8,1.01,1.8,0.64,7.9,2.29
BTV-5019,1049.92,70.8,15.32,3,0.64,112.8,1.01,1.8,0.64,7.9,2.29
BTV-5020,935.8,70.8,15.32,2.6,0.57,95.7,0.85,1.5,0.54,7,1.97
BTV-5021,796.3,46,9.96,2.5,0.54,69.4,0.62,1.1,0.39,6.6,1.55
BTV-5022,796.3,46,9.96,2.5,0.54,69.4,0.62,1.1,0.39,6.6,1.55
BTV-5023,1049.92,70.8,15.32,3,0.64,112.8,1.01,1.8,0.64,7.9,2.29
BTV-5123,611.68,101.5,21.96,6.3,1.36,14,0.13,0.2,0.08,16.8,1.56
BTV-5124,83.07,15,3.25,1.6,0.35,9.1,0.08,0.1,0.05,4.3,0.48
BTV-5125,83.07,8.1,1.75,1.8,0.38,5.7,0.05,0.1,0.03,4.7,0.46
BTV-5126,83.07,9,1.94,1.3,0.28,3.2,0.03,0.1,0.02,3.5,0.33
BTV-5127,841.79,239,51.71,13.2,2.85,41.2,0.37,0.7,0.23,35.2,3.45
BTV-5128,699.47,148,32.03,7.8,1.7,17.9,0.16,0.3,0.1,20.9,1.96
BTV-5134,267.38,31.9,6.89,4.3,0.94,16.6,0.15,0.3,0.09,11.5,1.18
BTV-5135,66.84,7.2,1.55,1.5,0.33,7,0.06,0.1,0.04,4.1,0.43
BTV-5137,815.7,57.9,12.52,2.4,0.53,41.1,0.37,0.6,0.23,6.5,1.12
BTV-5138,655.95,121.9,26.38,8.3,1.79,40.3,0.36,0.6,0.23,22.1,2.38
BTV-5139,606.08,25.9,5.6,2,0.42,25.8,0.23,0.4,0.15,5.2,0.8
BTV-5147,784.77,178.4,38.6,10.6,2.3,40.9,0.37,0.6,0.23,28.3,2.89
BTV-5149,83.07,9,1.94,1.3,0.28,4.2,0.04,0.1,0.02,3.5,0.34
BTV-5150,5093.46,7163.7,1549.96,79.9,17.29,220.3,1.97,3.5,1.24,213.2,20.51
BTV-5151,1090.76,216.5,46.85,11.2,2.41,97,0.87,1.5,0.55,29.8,3.83
BTV-5152,766.42,107.6,23.29,7.4,1.61,48.9,0.44,0.8,0.28,19.8,2.32
BTV-5153,917.01,156.5,33.87,9.2,2,59.5,0.53,0.9,0.34,24.6,2.87
BTV-5154,347.59,17.7,3.82,1.7,0.36,19,0.17,0.3,0.11,4.5,0.64
BTV-5155,1090.76,216.5,46.85,11.2,2.41,97,0.87,1.5,0.55,29.8,3.83
BTV-5156,683.12,107.6,23.29,6.6,1.43,41.8,0.37,0.7,0.24,17.6,2.04
BTV-5157,11655.82,10806.2,2338.07,59.4,12.86,279.6,2.5,4.4,1.58,158.5,16.94
BTV-5158,766.42,107.6,23.29,7.4,1.61,48.9,0.44,0.8,0.28,19.8,2.32
BTV-5159,917.01,156.5,33.87,9.2,2,59.5,0.53,0.9,0.34,24.6,2.87
BTV-5160,347.59,17.7,3.82,1.7,0.36,19,0.17,0.3,0.11,4.5,0.64
BTV-5161,2017.46,579.9,125.47,19.8,4.29,207.5,1.85,3.3,1.17,52.9,7.32
BTV-5162,1560.7,469.4,101.56,15.6,3.38,96.9,0.87,1.5,0.55,41.6,4.79
BTV-5163,100.27,8.7,1.88,2.1,0.46,6.4,0.06,0.1,0.04,5.6,0.55
BTV-5164,83.83,9.5,2.07,2.5,0.54,7.3,0.07,0.1,0.04,6.7,0.65
BTV-5166,569.55,69.1,14.96,5.1,1.11,33.9,0.3,0.5,0.19,13.6,1.6
BTV-5167,1450.39,584.3,126.42,21.8,4.72,75.8,0.68,1.2,0.43,58.2,5.83
BTV-5168,309.81,17.7,3.82,1.5,0.32,15.4,0.14,0.2,0.09,4,0.55
BTV-5171,617.91,35.3,7.65,2,0.43,40.6,0.36,0.6,0.23,5.3,1.02
BTV-5286,3851.12,1031.5,223.18,19.2,4.15,276.1,2.47,4.4,1.56,51.2,8.18
BTV-5287,1687.02,284.3,61.51,10.3,2.23,154,1.38,2.4,0.87,27.5,4.47
BTV-5288,1687.02,284.3,61.51,10.3,2.23,122.6,1.1,1.9,0.69,27.5,4.01
BTV-5289,1503.65,284.3,61.51,9.2,1.98,124.1,1.11,2,0.7,24.4,3.79
BTV-5290,1973.14,421.5,91.21,11.5,2.48,130.9,1.17,2.1,0.74,30.6,4.39
BTV-5291,1503.65,284.3,61.51,9.2,1.98,103.7,0.93,1.6,0.59,24.4,3.5
BTV-5292,1973.14,421.5,91.21,11.5,2.48,170,1.52,2.7,0.96,30.6,4.96
BTV-5293,1973.14,421.5,91.21,11.5,2.48,170,1.52,2.7,0.96,30.6,4.96
BTV-5294,5512.58,3794.4,820.98,40.1,8.67,292.5,2.61,4.6,1.65,106.9,12.94
BTV-5295,7838.03,4158.8,899.81,56,12.11,416.1,3.72,6.6,2.35,149.3,18.18
BTV-5296,1112.4,177.1,38.32,7,1.51,76.9,0.69,1.2,0.43,18.7,2.64
BTV-5297,1728.61,349,75.52,10.3,2.23,157.8,1.41,2.5,0.89,27.5,4.53
BTV-5298,1973.14,421.5,91.21,11.5,2.48,181.8,1.62,2.9,1.03,30.6,5.14
BTV-5299,2066.61,438,94.77,11.3,2.45,269.3,2.41,4.3,1.52,30.2,6.38
BTV-5301,1973.14,421.5,91.21,11.5,2.48,181.8,1.62,2.9,1.03,30.6,5.14
BTV-5302,919.61,339.5,73.46,16.3,3.53,132.1,1.18,2.1,0.75,43.5,5.45
BTV-5303,267.38,37.9,8.2,3.9,0.85,20.9,0.19,0.3,0.12,10.4,1.15
BTV-5304,1728.61,349,75.52,10.3,2.23,157.8,1.41,2.5,0.89,27.5,4.53
BTV-5305,1728.61,349,75.52,10.3,2.23,146.2,1.31,2.3,0.82,27.5,4.36
BTV-5306,1298.24,227.1,49.13,8.1,1.74,104,0.93,1.6,0.59,21.5,3.26
BTV-5307,1298.24,227.1,49.13,8.1,1.74,104,0.93,1.6,0.59,21.5,3.26
BTV-5308,1973.14,421.5,91.21,11.5,2.48,130.9,1.17,2.1,0.74,30.6,4.39
BTV-5309,1728.61,349,75.52,10.3,2.23,116.9,1.04,1.8,0.66,27.5,3.94
BTV-5310,919.61,318.8,68.97,15.6,3.37,112.1,1,1.8,0.63,41.5,5
BTV-5311,1206.95,405.6,87.76,19.1,4.14,72,0.64,1.1,0.41,51.1,5.19
BTV-5312,3489.22,908,196.47,17.8,3.86,211.3,1.89,3.3,1.19,47.5,6.94
BTV-5313,4542.65,6128,1325.87,72.7,15.73,230.7,2.06,3.6,1.3,193.9,19.1
BTV-5340,585.3,84.2,18.23,6.7,1.45,30.1,0.27,0.5,0.17,17.8,1.89
BTV-5341,442.55,84.2,18.23,5,1.09,15.5,0.14,0.2,0.09,13.4,1.31
BTV-5342,495.96,121.9,26.38,6.2,1.35,20.6,0.18,0.3,0.12,16.6,1.65
BTV-5343,495.96,121.9,26.38,6.2,1.35,20.6,0.18,0.3,0.12,16.6,1.65
BTV-5344,557.59,168,36.34,7.5,1.62,26.7,0.24,0.4,0.15,20,2.01
BTV-5345,495.96,121.9,26.38,6.2,1.35,20.6,0.18,0.3,0.12,16.6,1.65
BTV-5346,495.96,121.9,26.38,6.2,1.35,20.6,0.18,0.3,0.12,16.6,1.65
BTV-5347,495.96,121.9,26.38,6.2,1.35,20.6,0.18,0.3,0.12,16.6,1.65
BTV-5348,585.3,84.2,18.23,6.7,1.45,30.1,0.27,0.5,0.17,17.8,1.89
BTV-5349,585.3,84.2,18.23,6.7,1.45,30.1,0.27,0.5,0.17,17.8,1.89
BTV-5350,585.3,84.2,18.23,6.7,1.45,30.1,0.27,0.5,0.17,17.8,1.89
BTV-5351,408.45,25.9,5.6,1.3,0.28,12.1,0.11,0.2,0.07,3.5,0.46
BTV-5352,585.3,84.2,18.23,6.7,1.45,30.1,0.27,0.5,0.17,17.8,1.89
BTV-5353,585.3,84.2,18.23,6.7,1.45,30.1,0.27,0.5,0.17,17.8,1.89
BTV-5354,585.3,84.2,18.23,6.7,1.45,30.1,0.27,0.5,0.17,17.8,1.89
BTV-5355,585.3,84.2,18.23,6.7,1.45,30.1,0.27,0.5,0.17,17.8,1.89
BTV-5356,585.3,84.2,18.23,6.7,1.45,30.1,0.27,0.5,0.17,17.8,1.89
BTV-5357,585.3,84.2,18.23,6.7,1.45,30.1,0.27,0.5,0.17,17.8,1.89
BTV-5358,589.62,54.4,11.77,5.9,1.27,27.1,0.24,0.4,0.15,15.6,1.66
BTV-5359,525.53,54.4,11.77,5.2,1.13,21.8,0.2,0.3,0.12,13.9,1.44
BTV-5360,495.96,121.9,26.38,6.2,1.35,20.6,0.18,0.3,0.12,16.6,1.65
BTV-5361,735.94,121.9,26.38,9.3,2.01,47.7,0.43,0.8,0.27,24.8,2.71
BTV-5362,693.26,35.3,7.65,2.2,0.48,45.9,0.41,0.7,0.26,5.9,1.15
BTV-5364,585.3,84.2,18.23,6.7,1.45,30.1,0.27,0.5,0.17,17.8,1.89
BTV-5365,442.55,84.2,18.23,5,1.09,15.5,0.14,0.2,0.09,13.4,1.31
BTV-5366,585.3,84.2,18.23,6.7,1.45,30.1,0.27,0.5,0.17,17.8,1.89
BTV-5367,525.53,54.4,11.77,5.2,1.13,21.8,0.2,0.3,0.12,13.9,1.44
BTV-5368,589.62,54.4,11.77,5.9,1.27,27.1,0.24,0.4,0.15,15.6,1.66
BTV-5369,1728.61,349,75.52,10.3,2.23,116.9,1.04,1.8,0.66,27.5,3.94
BTV-5370,693.26,35.3,7.65,2.2,0.48,45.9,0.41,0.7,0.26,5.9,1.15
BTV-5371,693.26,35.3,7.65,2.2,0.48,45.9,0.41,0.7,0.26,5.9,1.15
BTV-5372,796.3,46,9.96,2.5,0.54,58.4,0.52,0.9,0.33,6.6,1.39
BTV-5373,606.08,25.9,5.6,2,0.42,25.8,0.23,0.4,0.15,5.2,0.8
BTV-5374,606.08,25.9,5.6,2,0.42,32.1,0.29,0.5,0.18,5.2,0.89
BTV-5375,536.63,46,9.96,1.7,0.36,19.8,0.18,0.3,0.11,4.4,0.65
BTV-5376,693.26,35.3,7.65,2.2,0.48,45.9,0.41,0.7,0.26,5.9,1.15
BTV-5377,617.91,35.3,7.65,2,0.43,36.8,0.33,0.6,0.21,5.3,0.96
BTV-5378,709.74,46,9.96,2.2,0.48,33.8,0.3,0.5,0.19,5.9,0.97
BTV-5379,693.26,35.3,7.65,2.2,0.48,32.4,0.29,0.5,0.18,5.9,0.95
BTV-5380,617.91,35.3,7.65,2,0.43,27.5,0.25,0.4,0.15,5.3,0.83
BTV-5381,709.74,46,9.96,2.2,0.48,49.7,0.44,0.8,0.28,5.9,1.2
BTV-5382,707.55,70.8,15.32,2,0.43,28.5,0.25,0.4,0.16,5.3,0.85
BTV-5383,617.91,35.3,7.65,2,0.43,36.8,0.33,0.6,0.21,5.3,0.96
BTV-5384,467.2,35.3,7.65,1.5,0.32,16.3,0.15,0.3,0.09,4,0.56
BTV-5385,536.63,46,9.96,1.7,0.36,25.8,0.23,0.4,0.15,4.4,0.74
BTV-5386,693.26,35.3,7.65,2.2,0.48,32.4,0.29,0.5,0.18,5.9,0.95
BTV-5387,606.08,25.9,5.6,2,0.42,25.8,0.23,0.4,0.15,5.2,0.8
BTV-5388,617.91,35.3,7.65,2,0.43,27.5,0.25,0.4,0.15,5.3,0.83
BTV-5389,606.08,25.9,5.6,2,0.42,25.8,0.23,0.4,0.15,5.2,0.8
BTV-5390,617.91,35.3,7.65,2,0.43,27.5,0.25,0.4,0.15,5.3,0.83
BTV-5391,693.26,35.3,7.65,2.2,0.48,32.4,0.29,0.5,0.18,5.9,0.95
BTV-5392,796.3,46,9.96,2.5,0.54,58.4,0.52,0.9,0.33,6.6,1.39
BTV-5394,709.74,46,9.96,2.2,0.48,55.4,0.5,0.9,0.31,5.9,1.29
BTV-5395,234.24,17.7,3.82,1.1,0.24,8.3,0.07,0.1,0.05,3,0.36
BTV-5396,309.81,17.7,3.82,1.5,0.32,17.6,0.16,0.3,0.1,4,0.58
BTV-5397,796.3,46,9.96,2.5,0.54,40,0.36,0.6,0.23,6.6,1.12
BTV-5398,536.63,46,9.96,1.7,0.36,25.8,0.23,0.4,0.15,4.4,0.74
BTV-5399,796.3,46,9.96,2.5,0.54,58.4,0.52,0.9,0.33,6.6,1.39
BTV-5400,467.2,35.3,7.65,1.5,0.32,18.9,0.17,0.3,0.11,4,0.6
BTV-5401,617.91,35.3,7.65,2,0.43,36.8,0.33,0.6,0.21,5.3,0.96
BTV-5402,796.3,46,9.96,2.5,0.54,58.4,0.52,0.9,0.33,6.6,1.39
BTV-5403,693.26,35.3,7.65,2.2,0.48,32.4,0.29,0.5,0.18,5.9,0.95
BTV-5404,815.7,57.9,12.52,2.4,0.53,59.3,0.53,0.9,0.33,6.5,1.39
BTV-5405,915.18,57.9,12.52,2.7,0.59,69.9,0.62,1.1,0.39,7.3,1.61
BTV-5406,796.3,46,9.96,2.5,0.54,58.4,0.52,0.9,0.33,6.6,1.39
BTV-5407,796.3,46,9.96,2.5,0.54,58.4,0.52,0.9,0.33,6.6,1.39
BTV-5408,796.3,46,9.96,2.5,0.54,58.4,0.52,0.9,0.33,6.6,1.39
BTV-5409,693.26,35.3,7.65,2.2,0.48,45.9,0.41,0.7,0.26,5.9,1.15
BTV-5410,693.26,35.3,7.65,2.2,0.48,32.4,0.29,0.5,0.18,5.9,0.95
BTV-5411,617.91,35.3,7.65,2,0.43,27.5,0.25,0.4,0.15,5.3,0.83
BTV-5412,617.91,35.3,7.65,2,0.43,36.8,0.33,0.6,0.21,5.3,0.96
BTV-5413,617.91,35.3,7.65,2,0.43,36.8,0.33,0.6,0.21,5.3,0.96
BTV-5414,796.3,46,9.96,2.5,0.54,58.4,0.52,0.9,0.33,6.6,1.39
BTV-5415,693.26,35.3,7.65,2.2,0.48,45.9,0.41,0.7,0.26,5.9,1.15
BTV-5416,709.74,46,9.96,2.2,0.48,49.7,0.44,0.8,0.28,5.9,1.2
BTV-5417,617.91,35.3,7.65,2,0.43,27.5,0.25,0.4,0.15,5.3,0.83
BTV-5418,606.08,25.9,5.6,2,0.42,25.8,0.23,0.4,0.15,5.2,0.8
BTV-5419,796.3,46,9.96,2.5,0.54,40,0.36,0.6,0.23,6.6,1.12
BTV-5420,815.7,57.9,12.52,2.4,0.53,59.3,0.53,0.9,0.33,6.5,1.39
BTV-5421,709.74,46,9.96,2.2,0.48,49.7,0.44,0.8,0.28,5.9,1.2
BTV-5422,709.74,46,9.96,2.2,0.48,49.7,0.44,0.8,0.28,5.9,1.2
BTV-5426,1251.72,390.2,84.43,19.5,4.22,72.3,0.65,1.1,0.41,52,5.28
BTV-5427,1275.42,481.7,104.23,19.6,4.23,69,0.62,1.1,0.39,52.2,5.24
BTV-5428,944.45,95.2,20.59,5.2,1.12,69.3,0.62,1.1,0.39,13.8,2.13
BTV-5429,1251.72,167,36.14,7.2,1.56,133.2,1.19,2.1,0.75,19.3,3.51
BTV-5430,1275.42,196,42.41,7,1.51,132.5,1.18,2.1,0.75,18.6,3.44
BTV-5431,1115.66,167,36.14,6.4,1.39,113.5,1.01,1.8,0.64,17.2,3.05
BTV-5432,841.79,114.8,24.84,5.4,1.16,69.5,0.62,1.1,0.39,14.3,2.18
BTV-5434,971.12,139.9,30.27,5.9,1.28,89.9,0.8,1.4,0.51,15.7,2.59
BTV-5436,1341,650.6,140.77,20,4.33,66.3,0.59,1,0.37,53.3,5.29
BTV-5439,332.27,44.1,9.55,4.7,1.01,10.9,0.1,0.2,0.06,12.4,1.17
BTV-5440,1185.68,525.7,113.73,17.6,3.81,51.1,0.46,0.8,0.29,47,4.56
BTV-5441,915.57,321.4,69.55,13.2,2.86,36.2,0.32,0.6,0.2,35.2,3.38
BTV-5442,1185.68,525.7,113.73,17.6,3.81,51.1,0.46,0.8,0.29,47,4.56
BTV-5443,1341,650.6,140.77,20,4.33,66.3,0.59,1,0.37,53.3,5.29
BTV-5444,1185.68,525.7,113.73,17.6,3.81,51.1,0.46,0.8,0.29,47,4.56
BTV-5448,1043.87,416.1,90.04,15.4,3.32,43.2,0.39,0.7,0.24,41,3.95
BTV-5449,74.04,8.1,1.75,1.6,0.34,4.7,0.04,0.1,0.03,4.1,0.41
BTV-5451,1206.95,405.6,87.76,19.1,4.14,53.1,0.47,0.8,0.3,51.1,4.92
BTV-5943,127,26.1,5.65,4.7,1.02,6.1,0.05,0.1,0.03,12.5,1.11
BTV-5944,83.83,9.5,2.07,2.5,0.54,7.3,0.07,0.1,0.04,6.7,0.65
BTV-5945,1348.96,616.2,133.33,22.6,4.9,197.2,1.76,3.1,1.11,60.4,7.77
BTV-5946,1911.07,864.8,187.11,30.8,6.66,291.1,2.6,4.6,1.64,82.1,10.9
BTV-5947,1177.03,401.3,86.83,19.9,4.3,167.3,1.5,2.6,0.94,53,6.74
BTV-5948,1192.21,494.7,107.03,19.9,4.31,160,1.43,2.5,0.9,53.1,6.64
BTV-5949,1192.21,494.7,107.03,19.9,4.31,160,1.43,2.5,0.9,53.1,6.64
BTV-5950,787.08,170.5,36.89,12.2,2.63,60.5,0.54,1,0.34,32.4,3.51
BTV-5951,901.77,237.9,51.47,14.8,3.19,101,0.9,1.6,0.57,39.3,4.67
BTV-5952,1115.66,376.9,81.55,16.9,3.67,40.8,0.36,0.6,0.23,45.2,4.26
BTV-5953,2066.61,960.9,207.91,28.9,6.26,98.1,0.88,1.5,0.55,77.1,7.69
BTV-5954,628.78,122.2,26.44,9,1.95,22.6,0.2,0.4,0.13,24,2.28
BTV-5958,83.83,9.5,2.07,2.5,0.54,7.3,0.07,0.1,0.04,6.7,0.65
BTV-5963,603.57,85.9,18.58,8.4,1.82,46.8,0.42,0.7,0.26,22.4,2.5
BTV-5965,935.8,70.8,15.32,2.6,0.57,95.7,0.85,1.5,0.54,7,1.97
BTV-5967,935.8,70.8,15.32,2.6,0.57,70,0.63,1.1,0.4,7,1.59
BTV-5968,3489.22,908,196.47,17.8,3.86,321.4,2.87,5.1,1.81,47.5,8.54
BTV-5970,693.26,35.3,7.65,2.2,0.48,45.9,0.41,0.7,0.26,5.9,1.15
BTV-5973,1380.84,115.9,25.07,3.2,0.7,182.7,1.63,2.9,1.03,8.6,3.36
BTV-5974,4633.61,1306.1,282.59,22,4.75,391.1,3.5,6.2,2.21,58.6,10.45
BTV-5975,1728.61,349,75.52,10.3,2.23,116.9,1.04,1.8,0.66,27.5,3.94
BTV-5987,1049.92,70.8,15.32,3,0.64,112.8,1.01,1.8,0.64,7.9,2.29
BTV-5988,815.7,57.9,12.52,2.4,0.53,59.3,0.53,0.9,0.33,6.5,1.39
BTV-5989,693.26,35.3,7.65,2.2,0.48,45.9,0.41,0.7,0.26,5.9,1.15
BTV-5990,1049.92,70.8,15.32,3,0.64,82.7,0.74,1.3,0.47,7.9,1.85
BTV-5991,1049.92,70.8,15.32,3,0.64,82.7,0.74,1.3,0.47,7.9,1.85
BTV-5992,935.8,70.8,15.32,2.6,0.57,70,0.63,1.1,0.4,7,1.59
BTV-5993,1723.72,641.9,138.88,18.1,3.91,142.4,1.27,2.2,0.8,48.2,5.99
BTV-5994,1943.8,769.1,166.4,20.2,4.36,160.1,1.43,2.5,0.9,53.8,6.7
BTV-5995,1024.37,390.2,84.43,9.2,2,110.4,0.99,1.7,0.62,24.6,3.61
BTV-5996,1474.3,698.2,151.06,10.9,2.37,150.3,1.34,2.4,0.85,29.2,4.56
BTV-5997,1311.28,584.3,126.42,11.6,2.51,136.5,1.22,2.2,0.77,31,4.5
BTV-5998,2788.07,1481.3,320.5,2.5,0.53,300.8,2.69,4.8,1.7,6.6,4.92
BTV-5999,1302.93,496.9,107.51,12,2.59,188.9,1.69,3,1.07,31.9,5.34
BTV-6001,1311.28,584.3,126.42,11.6,2.51,136.5,1.22,2.2,0.77,31,4.5
BTV-6002,691.81,171.3,37.06,5.8,1.25,51.4,0.46,0.8,0.29,15.4,2
BTV-6003,1519.95,528.3,114.3,16.1,3.48,122.9,1.1,1.9,0.69,42.9,5.27
BTV-6004,2432.86,1066.6,230.77,24.6,5.31,205.4,1.84,3.2,1.16,65.5,8.31
BTV-6005,4379.3,2565.3,555.03,50.6,10.95,226,2.02,3.6,1.28,135,14.25
BTV-6006,4171.73,2423.5,524.36,54.5,11.8,226.1,2.02,3.6,1.28,145.4,15.09
BTV-6007,3940.89,3209.5,694.43,1.1,0.25,212.2,1.9,3.4,1.2,3,3.34
BTV-6762,6319.23,2895.9,626.58,14.2,3.08,1797.6,16.06,45.2,7.84,37.9,26.98
BTV-6783,6384.3,3940.1,852.5,6,1.29,1602,14.32,40.3,6.98,15.9,22.59
BTV-6785,7201.71,3328.7,720.21,12,2.6,2300,20.55,57.8,10.03,32,33.18
BTV-6786,14207.06,7837.9,1695.85,0.8,0.16,1966,17.57,49.4,8.57,2,26.3
BTV-7387,887.43,191.7,41.47,6.4,1.39,305.4,2.73,7.7,1.33,17.1,5.45
BTV-11198,606.08,25.9,5.6,2,0.42,25.8,0.23,0.4,0.15,5.2,0.8
BTV-11199,799.4,97.9,21.19,5,1.08,39.2,0.35,0.6,0.22,13.3,1.65
BTV-11202,1248.06,177.1,38.32,7.9,1.7,94.3,0.84,1.5,0.53,21,3.07
BTV-11203,946.12,134.2,29.03,6,1.29,61.9,0.55,1,0.35,15.9,2.19
BTV-11204,564.66,44.3,9.58,3.2,0.69,24.5,0.22,0.4,0.14,8.5,1.04
BTV-11205,799.4,97.9,21.19,5,1.08,39.2,0.35,0.6,0.22,13.3,1.65
BTV-11208,2400.33,768.7,166.32,16,3.47,234.1,2.09,3.7,1.32,42.8,6.89
BTV-11209,1090.76,216.5,46.85,11.2,2.41,71.3,0.64,1.1,0.4,29.8,3.45
BTV-11210,1861.38,523.5,113.27,12.8,2.76,194.1,1.73,3.1,1.1,34,5.59
BTV-11211,569.55,69.1,14.96,5.1,1.11,23.1,0.21,0.4,0.13,13.6,1.44
BTV-11212,766.42,107.6,23.29,7.4,1.61,48.9,0.44,0.8,0.28,19.8,2.32
BTV-11214,569.55,69.1,14.96,5.1,1.11,23.1,0.21,0.4,0.13,13.6,1.44
BTV-11215,430.63,69.1,14.96,3.8,0.83,17.8,0.16,0.3,0.1,10.3,1.09
BTV-11640,1185.68,525.7,113.73,17.6,3.81,57.1,0.51,0.9,0.32,47,4.65
BTV-11641,1509.83,791.7,171.3,19.1,4.13,76.2,0.68,1.2,0.43,50.9,5.24
BTV-11642,2097.33,1317.4,285.03,12.3,2.66,118.4,1.06,1.9,0.67,32.8,4.39
BTV-11645,1027.22,321.4,69.55,14.8,3.21,45,0.4,0.7,0.25,39.6,3.87
BTV-11961,1681.53,522.1,112.97,12.9,2.79,968.5,8.65,24.3,4.22,34.4,15.67
BTV-11962,1498.76,516.5,111.75,11.5,2.48,784.8,7.01,19.7,3.42,30.6,12.92
BTV-11963,2032.7,691.2,149.55,15.2,3.28,1176.4,10.51,29.6,5.13,40.4,18.92
BTV-11964,1973.14,421.5,91.21,11.5,2.48,130.9,1.17,2.1,0.74,30.6,4.39
BTV-11965,1185.68,517,111.87,17.3,3.75,89.5,0.8,1.4,0.51,46.2,5.06
BTV-11981,3503.46,2577.2,557.62,22.6,4.9,168.3,1.5,2.7,0.95,60.4,7.35
BTV-11982,2864.89,667.7,144.46,16.8,3.63,372.4,3.33,5.9,2.1,44.7,9.06
BTV-11986,3673.31,2611.8,565.11,64.5,13.96,332.5,2.97,5.3,1.88,172.1,18.81
BTV-11987,1973.14,553.3,119.71,15.1,3.26,190.7,1.7,3,1.08,40.2,6.04
BTV-11988,2237.23,658.9,142.57,16.7,3.6,214.2,1.91,3.4,1.21,44.4,6.73
BTV-11989,1973.14,553.3,119.71,15.1,3.26,190.7,1.7,3,1.08,40.2,6.04
BTV-11990,1973.14,553.3,119.71,15.1,3.26,190.7,1.7,3,1.08,40.2,6.04
BTV-11992,1503.65,373.1,80.73,12,2.6,134.9,1.21,2.1,0.76,32.1,4.57
BTV-11993,2097.33,1317.4,285.03,12.3,2.66,110.3,0.99,1.7,0.62,32.8,4.27
BTV-11994,1509.83,791.7,171.3,19.1,4.13,76.2,0.68,1.2,0.43,50.9,5.24
BTV-12359,86.9,5.4,1.17,1,0.23,6.1,0.05,0.1,0.03,2.8,0.31
BTV-12662,188.62,25.4,5.49,4.3,0.92,15.8,0.14,0.2,0.09,11.4,1.15
BTV-12665,83.83,9.5,2.07,1.9,0.41,7.3,0.07,0.1,0.04,5.1,0.52
BTV-12666,83.83,9.5,2.07,2.5,0.54,7.3,0.07,0.1,0.04,6.7,0.65
BTV-12668,83.83,9.5,2.07,2.5,0.54,7.3,0.07,0.1,0.04,6.7,0.65
BTV-12669,83.83,9.5,2.07,1.9,0.41,7.3,0.07,0.1,0.04,5.1,0.52
BTV-12866,83.83,9.5,2.07,1.9,0.41,7.3,0.07,0.1,0.04,5.1,0.52
BTV-12912,127,26.1,5.65,4.7,1.02,6.1,0.05,0.1,0.03,12.5,1.11
BTV-13178,66.84,7.2,1.55,1.5,0.33,6,0.05,0.1,0.03,4.1,0.42
BTV-13179,93.58,6.8,1.46,2,0.44,7,0.06,0.1,0.04,5.4,0.54
BTV-13180,66.84,7.2,1.55,1.5,0.33,5.8,0.05,0.1,0.03,4.1,0.41
BTV-13200,100.27,8.7,1.88,1.6,0.34,6.4,0.06,0.1,0.04,4.2,0.44
BTV-13201,100.27,8.7,1.88,2.1,0.46,6.4,0.06,0.1,0.04,5.6,0.55
BTV-13202,66.84,7.2,1.55,1.5,0.33,6,0.05,0.1,0.03,4.1,0.42
BTV-13203,113.63,27.7,5.99,3.8,0.82,4.8,0.04,0.1,0.03,10.1,0.89
BTV-13204,93.58,6.8,1.46,2,0.44,7,0.06,0.1,0.04,5.4,0.54
BTV-13205,66.84,7.2,1.55,1.5,0.33,5.8,0.05,0.1,0.03,4.1,0.41
BTV-13206,100.27,8.7,1.88,2.1,0.46,6.4,0.06,0.1,0.04,5.6,0.55
BTV-13207,66.84,7.2,1.55,1.5,0.33,6,0.05,0.1,0.03,4.1,0.42
BTV-13333,127,26.1,5.65,4.7,1.02,6.1,0.05,0.1,0.03,12.5,1.11
BTV-13334,127,26.1,5.65,4.7,1.02,6.1,0.05,0.1,0.03,12.5,1.11
BTV-13379,100.27,8.7,1.88,2.1,0.46,6.4,0.06,0.1,0.04,5.6,0.55
BTV-13503,83.83,9.5,2.07,2.5,0.54,7.3,0.07,0.1,0.04,6.7,0.65
BTV-13738,83.07,8.1,1.75,1.8,0.38,5.7,0.05,0.1,0.03,4.7,0.46
BTV-13739,83.07,14.5,3.14,1.8,0.39,4.1,0.04,0.1,0.02,4.9,0.45
BTV-13740,83.07,13.7,2.97,2.7,0.58,5.5,0.05,0.1,0.03,7.1,0.66
BTV-13741,83.07,8.1,1.75,1.8,0.38,5.7,0.05,0.1,0.03,4.7,0.46
BTV-13744,83.07,6.9,1.49,1,0.22,3.8,0.03,0.1,0.02,2.7,0.28
BTV-13745,83.83,9.5,2.07,1.9,0.41,7.3,0.07,0.1,0.04,5.1,0.52
BTV-13746,100.27,8.7,1.88,1.6,0.34,6.4,0.06,0.1,0.04,4.2,0.44
BTV-13747,80.21,9.5,2.07,1.3,0.28,7.3,0.07,0.1,0.04,3.5,0.39
BTV-13748,83.07,13.7,2.97,2.7,0.58,5.5,0.05,0.1,0.03,7.1,0.66
BTV-13749,83.07,8.1,1.75,1.8,0.38,5.7,0.05,0.1,0.03,4.7,0.46
BTV-13750,83.07,13.7,2.97,2.7,0.58,5.5,0.05,0.1,0.03,7.1,0.66
BTV-13752,83.07,14.5,3.14,1.8,0.39,4.1,0.04,0.1,0.02,4.9,0.45
BTV-13753,83.07,8.1,1.75,1.8,0.38,5.7,0.05,0.1,0.03,4.7,0.46
BTV-13754,83.07,8.1,1.75,1.8,0.38,5.7,0.05,0.1,0.03,4.7,0.46
BTV-13757,83.83,9.5,2.07,2.5,0.54,7.3,0.07,0.1,0.04,6.7,0.65
BTV-13758,83.83,9.5,2.07,2.5,0.54,7.3,0.07,0.1,0.04,6.7,0.65
BTV-13759,83.83,9.5,2.07,2.5,0.54,7.3,0.07,0.1,0.04,6.7,0.65
BTV-13760,83.83,9.5,2.07,2.5,0.54,7.3,0.07,0.1,0.04,6.7,0.65
BTV-13761,83.83,9.5,2.07,2.5,0.54,7.3,0.07,0.1,0.04,6.7,0.65
BTV-13762,83.83,9.5,2.07,2.5,0.54,7.3,0.07,0.1,0.04,6.7,0.65
BTV-13763,83.83,9.5,2.07,2.5,0.54,7.3,0.07,0.1,0.04,6.7,0.65
BTV-13782,106.95,8.4,1.82,2.5,0.53,3.6,0.03,0.1,0.02,6.6,0.59
BTV-13783,80.21,7.2,1.56,1.8,0.38,6.2,0.06,0.1,0.03,4.7,0.47
BTV-13790,83.07,14.5,3.14,1.8,0.39,4.1,0.04,0.1,0.02,4.9,0.45
BTV-13791,83.07,8.1,1.75,1.8,0.38,5.7,0.05,0.1,0.03,4.7,0.46
BTV-14121,100.27,8.7,1.88,2.1,0.46,6.4,0.06,0.1,0.04,5.6,0.55
BTV-14122,113.63,5.1,1.1,1.1,0.23,6.8,0.06,0.1,0.04,2.8,0.33
BTV-14123,83.07,8.1,1.75,1.8,0.38,5.7,0.05,0.1,0.03,4.7,0.46
BTV-14124,83.07,15,3.25,1.6,0.35,9.1,0.08,0.1,0.05,4.3,0.48
BTV-14222,225.6,10.5,2.26,1.9,0.41,11.7,0.1,0.2,0.07,5.1,0.58
BTV-14223,180.48,17.7,3.82,2.8,0.61,12.1,0.11,0.2,0.07,7.6,0.79
BTV-14224,240.64,22.8,4.92,4.2,0.91,7.6,0.07,0.1,0.04,11.2,1.02
BTV-14225,225.6,10.5,2.26,1.9,0.41,11.7,0.1,0.2,0.07,5.1,0.58
BTV-14226,180.48,17.7,3.82,2.8,0.61,12.1,0.11,0.2,0.07,7.6,0.79
BTV-14227,134.05,19,4.11,2.3,0.51,9.2,0.08,0.1,0.05,6.3,0.64
BTV-14228,240.64,22.8,4.92,4.2,0.91,7.6,0.07,0.1,0.04,11.2,1.02
BTV-14229,225.6,10.5,2.26,1.9,0.41,11.7,0.1,0.2,0.07,5.1,0.58
BTV-14230,150.4,19,4.11,2.6,0.57,11.2,0.1,0.2,0.06,7,0.74
BTV-14231,240.64,22.8,4.92,4.2,0.91,7.6,0.07,0.1,0.04,11.2,1.02
BTV-14330,83.83,8.5,1.84,2.3,0.5,4.1,0.04,0.1,0.02,6.2,0.56
BTV-14331,100.27,4,0.86,1.1,0.24,3.5,0.03,0.1,0.02,3,0.29
BTV-14343,1474.3,698.2,151.06,10.9,2.37,150.3,1.34,2.4,0.85,29.2,4.56
BTV-14375,66.84,7.2,1.55,1.5,0.33,6,0.05,0.1,0.03,4.1,0.42
BTV-14376,100.27,8.7,1.88,2.1,0.46,6.4,0.06,0.1,0.04,5.6,0.55
BTV-14378,106.95,6,1.3,1.8,0.38,6.3,0.06,0.1,0.04,4.7,0.48
BTV-14379,113.63,27.7,5.99,3.8,0.82,4.8,0.04,0.1,0.03,10.1,0.89
BTV-14435,86.9,7.5,1.63,1.6,0.34,8.5,0.08,0.1,0.05,4.2,0.46
BTV-14449,2619.81,843.3,182.46,24.7,5.34,309.3,2.76,4.9,1.75,65.8,9.85
BTV-14512,83.07,13.7,2.97,2.7,0.58,5.5,0.05,0.1,0.03,7.1,0.66
BTV-14701,83.83,9.5,2.07,1.9,0.41,7.3,0.07,0.1,0.04,5.1,0.52
BTV-14702,86.9,7.5,1.63,1.6,0.34,8.5,0.08,0.1,0.05,4.2,0.46
BTV-14703,100.27,4,0.86,1.1,0.24,6.2,0.06,0.1,0.03,3,0.33
BTV-14771,127,26.1,5.65,4.7,1.02,6.1,0.05,0.1,0.03,12.5,1.11
BTV-14858,86.9,5.4,1.17,1,0.23,6.1,0.05,0.1,0.03,2.8,0.31
BTV-14878,86.9,5.4,1.17,1,0.23,6.1,0.05,0.1,0.03,2.8,0.31
BTV-14881,66.84,7.2,1.55,1.5,0.33,5.8,0.05,0.1,0.03,4.1,0.41
BTV-14882,113.63,5.1,1.1,1.1,0.23,6.8,0.06,0.1,0.04,2.8,0.33
BTV-14883,66.84,7.2,1.55,1.5,0.33,5.8,0.05,0.1,0.03,4.1,0.41
BTV-14884,100.27,8.7,1.88,2.1,0.46,6.4,0.06,0.1,0.04,5.6,0.55
BTV-14885,83.83,9.5,2.07,1.9,0.41,7.3,0.07,0.1,0.04,5.1,0.52
BTV-14886,113.63,5.1,1.1,1.1,0.23,6.8,0.06,0.1,0.04,2.8,0.33
BTV-14887,83.83,9.5,2.07,2.5,0.54,7.3,0.07,0.1,0.04,6.7,0.65
