plant_id,surveyed_on,surveyor,dbh_in,height_ft,spread_ft,condition,status,photo,notes
UVM-0493,2026-09-01,EMR,,,,good,active,493-1788288876530.jpg,
UVM-0772,2026-09-01,EMR,,,,excellent,active,772-1788288766549.jpg,
UVM-0778,2026-09-01,EMR,,,,excellent,active,778-1788288680135.jpg,
UVM-0762,2026-09-01,EMR,,,,good,active,762-1788288601167.jpg,
UVM-0763,2026-09-01,EMR,,,,excellent,active,763-1788288527638.jpg,
UVM-0765,2026-09-01,EMR,,,,excellent,active,765-1788288472730.jpg,
UVM-0711,2023-10-14,EC,,,,good,active,,
UVM-0712,2023-10-14,EC,,,,good,active,,
UVM-3832,2023-10-14,EC,,,,good,active,,
UVM-0725,2023-10-14,EC,,,,good,active,,
UVM-0726,2023-10-14,EC,,,,good,active,,
UVM-0727,2023-10-14,EC,,,,good,active,,
UVM-4001,2023-10-14,EC,,,,good,active,,
UVM-0731,2023-10-14,EC,,,,good,active,,
UVM-4002,2023-10-14,EC,,,,good,active,,
UVM-4003,2023-10-14,EC,,,,good,active,,
UVM-4004,2023-10-14,EC,,,,good,active,,
UVM-0747,2023-10-14,EC,,,,good,active,,
UVM-0746,2023-10-14,EC,,,,good,active,,
UVM-0745,2023-10-14,EC,,,,good,active,,
UVM-0744,2023-10-14,EC,,,,good,active,,
UVM-0749,2023-10-14,EC,,,,good,active,,
UVM-0750,2023-10-14,EC,,,,good,active,,
UVM-4005,2023-10-14,EC,,,,good,active,,
UVM-0751,2023-10-14,EC,,,,good,active,,
UVM-0753,2023-10-14,EC,,,,good,active,,
UVM-0755,2023-10-14,EC,,,,good,active,,
UVM-0374,2023-10-14,EC,,,,good,active,,
UVM-0356,2023-10-14,EC,,,,good,active,,
UVM-0357,2023-10-14,EC,,,,good,active,,
UVM-0358,2023-10-14,EC,,,,good,active,,
UVM-0359,2023-10-14,EC,,,,good,active,,
UVM-0355,2023-10-14,EC,,,,good,active,,
UVM-0354,2023-10-14,EC,,,,good,active,,
UVM-0353,2023-10-14,EC,,,,good,active,,
UVM-0782,2023-10-14,EC,,,,good,active,,
UVM-3831,2023-10-16,EC,,,,good,active,,
UVM-0663,2023-10-22,EC,,,,good,active,,
UVM-0664,2023-10-22,EC,,,,good,active,,
UVM-0665,2023-10-22,EC,,,,good,active,,
UVM-0666,2023-10-22,EC,,,,good,active,,
UVM-0668,2023-10-22,EC,,,,good,active,,
UVM-0667,2023-10-22,EC,,,,good,active,,
UVM-0669,2023-10-22,EC,,,,good,active,,
UVM-3814,2023-10-22,EC,,,,good,active,,
UVM-0671,2023-10-22,EC,,,,good,active,,
UVM-3816,2023-10-22,EC,,,,good,active,,
UVM-0673,2023-10-22,EC,,,,good,active,,
UVM-3818,2023-10-22,EC,,,,good,active,,
UVM-4006,2023-10-22,EC,,,,good,active,,
UVM-4007,2023-10-22,EC,,,,good,active,,
UVM-4008,2023-10-22,EC,,,,good,active,,
UVM-0760,2023-10-22,EC,,,,good,active,,
UVM-4009,2023-10-22,EC,,,,good,active,,
UVM-0761,2023-10-22,EC,,,,good,active,,
UVM-0762,2023-10-22,EC,,,,good,active,,"SPECIES CONFLICT: on file as quercus-michauxii; ArcGIS says ""Swamp white oak"" (quercus-bicolor) — check in person; POSITION CONFLICT: ArcGIS puts it 13 m from the recorded position — position on file was kept"
UVM-4010,2023-10-22,EC,,,,good,active,,
UVM-0763,2023-10-22,EC,,,,good,active,,
UVM-0764,2023-10-22,EC,,,,good,active,,
UVM-0765,2023-10-22,EC,,,,good,active,,
UVM-3830,2023-10-22,EC,,,,good,active,,
UVM-3829,2023-10-22,EC,,,,good,active,,
UVM-3828,2023-10-22,EC,,,,good,active,,
UVM-3827,2023-10-22,EC,,,,good,active,,
UVM-3826,2023-10-22,EC,,,,good,active,,
UVM-0781,2023-10-22,EC,,,,good,active,,
UVM-4011,2023-10-22,EC,,,,good,active,,
UVM-4012,2023-10-22,EC,,,,good,active,,
UVM-0780,2023-10-22,EC,,,,good,active,,
UVM-0779,2023-10-22,EC,,,,good,active,,
UVM-0778,2023-10-22,EC,,,,good,active,,
UVM-0775,2023-10-22,EC,,,,good,active,,
UVM-0772,2023-10-22,EC,,,,good,active,,
UVM-0771,2023-10-22,EC,,,,good,active,,
UVM-0770,2023-10-22,EC,,,,good,active,,
UVM-0769,2023-10-22,EC,,,,good,active,,
UVM-0768,2023-10-22,EC,,,,good,active,,
UVM-0767,2023-10-22,EC,,,,good,active,,
UVM-0640,2023-10-22,EC,,,,good,active,,
UVM-0636,2023-10-22,EC,,,,good,active,,
UVM-3822,2023-10-22,EC,,,,good,active,,
UVM-3823,2023-10-22,EC,,,,good,active,,
UVM-3824,2023-10-22,EC,,,,good,active,,
UVM-3825,2023-10-22,EC,,,,good,active,,
UVM-0658,2023-10-22,EC,,,,good,active,,
UVM-3819,2023-10-22,EC,,,,good,active,,
UVM-3820,2023-10-22,EC,,,,good,active,,
UVM-3821,2023-10-22,EC,,,,good,active,,
UVM-0654,2023-10-22,EC,,,,good,active,,
UVM-0649,2023-10-22,EC,,,,good,active,,
UVM-0650,2023-10-22,EC,,,,good,active,,
UVM-0651,2023-10-22,EC,,,,good,active,,
UVM-0652,2023-10-22,EC,,,,good,active,,
UVM-0653,2023-10-22,EC,,,,good,active,,
UVM-0644,2023-10-22,EC,,,,good,active,,
UVM-0645,2023-10-22,EC,,,,good,active,,
UVM-0646,2023-10-22,EC,,,,good,active,,
UVM-0647,2023-10-22,EC,,,,good,active,,
UVM-0756,2023-10-23,EC,,,,good,active,,
UVM-1356,2023-10-23,EC,,,,good,active,,
UVM-1357,2023-10-23,EC,,,,good,active,,
UVM-4013,2023-10-23,EC,,,,good,active,,
UVM-4014,2023-10-23,EC,,,,good,active,,
UVM-4015,2023-10-23,EC,,,,good,active,,
UVM-3801,2023-10-23,EC,,,,good,active,,
UVM-0619,2023-10-23,EC,,,,good,active,,
UVM-0621,2023-10-23,EC,,,,good,active,,
UVM-0622,2023-10-23,EC,,,,good,active,,
UVM-0623,2023-10-23,EC,,,,good,active,,
UVM-0624,2023-10-23,EC,,,,good,active,,
UVM-0620,2023-10-23,EC,,,,good,active,,
UVM-4016,2023-10-23,EC,,,,good,active,,
UVM-0618,2023-10-23,EC,,,,good,active,,
UVM-4017,2023-10-23,EC,,,,good,active,,
UVM-4018,2023-10-23,EC,,,,good,active,,
UVM-4019,2023-10-23,EC,,,,good,active,,
UVM-4020,2023-10-23,EC,,,,good,active,,
UVM-0617,2023-10-23,EC,,,,good,active,,
UVM-0616,2023-10-23,EC,,,,good,active,,
UVM-4021,2023-10-23,EC,,,,good,active,,
UVM-4022,2023-10-23,EC,,,,good,active,,
UVM-4023,2023-10-23,EC,,,,good,active,,
UVM-4024,2023-10-23,EC,,,,good,active,,
UVM-4025,2023-10-23,EC,,,,good,active,,
UVM-4026,2023-10-23,EC,,,,good,active,,
UVM-4027,2023-10-23,EC,,,,good,active,,
UVM-4028,2023-10-23,EC,,,,good,active,,
UVM-4029,2023-10-23,EC,,,,good,active,,
UVM-4030,2023-10-23,EC,,,,good,active,,
UVM-4031,2023-10-23,EC,,,,good,active,,
UVM-4032,2023-10-23,EC,,,,good,active,,
UVM-0615,2023-10-23,EC,,,,good,active,,
UVM-4033,2023-10-23,EC,,,,good,active,,
UVM-4034,2023-10-23,EC,,,,good,active,,
UVM-4035,2023-10-23,EC,,,,good,active,,
UVM-4036,2023-10-23,EC,,,,good,active,,
UVM-4037,2023-10-23,EC,,,,good,active,,
UVM-4038,2023-10-23,EC,,,,good,active,,
UVM-4039,2023-10-23,EC,,,,good,active,,
UVM-0602,2023-10-23,EC,,,,good,active,,
UVM-1354,2023-10-23,EC,,,,good,active,,
UVM-1353,2023-10-23,EC,,,,good,active,,
UVM-4040,2023-10-23,EC,,,,good,active,,
UVM-4041,2023-10-23,EC,,,,fair,active,,
UVM-1352,2023-10-23,EC,,,,good,active,,
UVM-4042,2023-10-23,EC,,,,good,active,,
UVM-4043,2023-10-24,EC,,,,good,active,,
UVM-4044,2023-10-24,EC,,,,good,active,,
UVM-4045,2023-10-24,EC,,,,good,active,,
UVM-0034,2023-10-24,EC,,,,good,active,,
UVM-4046,2023-10-24,EC,,,,good,active,,
UVM-1343,2023-10-24,EC,,,,good,active,,
UVM-1342,2023-10-24,EC,,,,good,active,,
UVM-4047,2023-10-24,EC,,,,good,active,,
UVM-1341,2023-10-24,EC,,,,good,active,,
UVM-1333,2023-10-24,EC,,,,good,active,,
UVM-1334,2023-10-24,EC,,,,good,active,,
UVM-1335,2023-10-24,EC,,,,good,active,,
UVM-1336,2023-10-24,EC,,,,good,active,,
UVM-1337,2023-10-24,EC,,,,good,active,,
UVM-1338,2023-10-24,EC,,,,good,active,,
UVM-1328,2023-10-24,EC,,,,good,active,,
UVM-1329,2023-10-24,EC,,,,good,active,,
UVM-1330,2023-10-24,EC,,,,good,active,,
UVM-1331,2023-10-24,EC,,,,good,active,,
UVM-1332,2023-10-24,EC,,,,good,active,,
UVM-4048,2023-10-24,EC,,,,good,active,,
UVM-3009,2023-10-24,EC,,,,good,active,,
UVM-0338,2023-10-24,EC,,,,good,active,,
UVM-3010,2023-10-24,EC,,,,good,active,,
UVM-3011,2023-10-24,EC,,,,good,active,,
UVM-3012,2023-10-24,EC,,,,good,active,,
UVM-3006,2023-10-24,EC,,,,fair,active,,
UVM-3007,2023-10-24,EC,,,,good,active,,
UVM-4049,2023-10-24,EC,,,,good,active,,
UVM-4050,2023-10-24,EC,,,,good,active,,
UVM-3008,2023-10-24,EC,,,,good,active,,
UVM-3005,2023-10-24,EC,,,,good,active,,
UVM-3004,2023-10-24,EC,,,,good,active,,
UVM-1366,2023-10-24,EC,,,,good,active,,
UVM-1365,2023-10-24,EC,,,,good,active,,
UVM-1364,2023-10-24,EC,,,,good,active,,
UVM-1363,2023-10-24,EC,,,,good,active,,
UVM-1362,2023-10-24,EC,,,,good,active,,
UVM-1361,2023-10-24,EC,,,,good,active,,
UVM-1360,2023-10-24,EC,,,,good,active,,
UVM-0346,2023-10-24,EC,,,,good,active,,
UVM-0347,2023-10-24,EC,,,,good,active,,
UVM-0348,2023-10-24,EC,,,,good,active,,
UVM-0349,2023-10-24,EC,,,,good,active,,
UVM-4051,2023-10-24,EC,,,,good,active,,
UVM-0343,2023-10-25,EC,,,,good,active,,
UVM-1359,2023-10-25,EC,,,,good,active,,
UVM-0383,2023-10-25,EC,,,,good,active,,
UVM-0341,2023-10-25,EC,,,,good,active,,
UVM-1358,2023-10-25,EC,,,,good,active,,
UVM-0340,2023-10-25,EC,,,,good,active,,
UVM-4052,2023-10-25,EC,,,,good,active,,
UVM-0364,2023-10-25,EC,,,,good,active,,
UVM-0363,2023-10-25,EC,,,,good,active,,
UVM-0350,2023-10-25,EC,,,,good,active,,
UVM-0351,2023-10-25,EC,,,,good,active,,
UVM-3001,2023-10-25,EC,,,,good,active,,
UVM-0360,2023-10-25,EC,,,,good,active,,
UVM-0361,2023-10-25,EC,,,,good,active,,
UVM-0362,2023-10-25,EC,,,,good,active,,
UVM-4053,2023-10-25,EC,,,,good,active,,
UVM-0365,2023-10-25,EC,,,,good,active,,
UVM-0366,2023-10-25,EC,,,,good,active,,
UVM-4054,2023-10-25,EC,,,,good,active,,
UVM-4055,2023-10-25,EC,,,,good,active,,
UVM-4056,2023-10-25,EC,,,,good,active,,
UVM-4057,2023-10-25,EC,,,,good,active,,
UVM-4058,2023-10-25,EC,,,,good,active,,
UVM-0370,2023-10-25,EC,,,,good,active,,
UVM-4059,2023-10-25,EC,,,,good,active,,
UVM-4060,2023-10-25,EC,,,,good,active,,
UVM-3002,2023-10-25,EC,,,,good,active,,
UVM-4061,2023-10-25,EC,,,,good,active,,
UVM-0376,2023-10-25,EC,,,,good,active,,
UVM-0377,2023-10-25,EC,,,,good,active,,
UVM-0379,2023-10-25,EC,,,,good,active,,
UVM-4062,2023-10-25,EC,,,,good,active,,
UVM-1314,2023-10-25,EC,,,,good,active,,
UVM-1313,2023-10-25,EC,,,,good,active,,
UVM-4063,2023-10-25,EC,,,,good,active,,
UVM-1311,2023-10-25,EC,,,,good,active,,
UVM-3014,2023-10-25,EC,,,,good,active,,
UVM-4064,2023-10-25,EC,,,,good,active,,
UVM-4065,2023-10-25,EC,,,,good,active,,
UVM-4066,2023-10-25,EC,,,,good,active,,
UVM-3015,2023-10-25,EC,,,,good,active,,
UVM-0326,2023-10-25,EC,,,,good,active,,
UVM-3013,2023-10-25,EC,,,,good,active,,
UVM-1321,2023-10-25,EC,,,,good,active,,
UVM-1320,2023-10-25,EC,,,,good,active,,
UVM-1319,2023-10-25,EC,,,,good,active,,
UVM-1318,2023-10-25,EC,,,,good,active,,
UVM-1317,2023-10-25,EC,,,,good,active,,
UVM-1316,2023-10-25,EC,,,,good,active,,
UVM-1315,2023-10-25,EC,,,,good,active,,
UVM-4067,2023-10-26,EC,,,,good,active,,
UVM-4068,2023-10-26,EC,,,,good,active,,
UVM-4069,2023-10-26,EC,,,,good,active,,
UVM-4070,2023-10-26,EC,,,,good,active,,
UVM-1322,2023-10-26,EC,,,,good,active,,
UVM-4071,2023-10-26,EC,,,,good,active,,
UVM-1324,2023-10-26,EC,,,,good,active,,
UVM-4072,2023-10-26,EC,,,,good,active,,
UVM-4073,2023-10-26,EC,,,,good,active,,
UVM-4074,2023-10-26,EC,,,,good,active,,
UVM-0323,2023-10-26,EC,,,,good,active,,
UVM-0322,2023-10-26,EC,,,,good,active,,
UVM-0321,2023-10-26,EC,,,,good,active,,
UVM-0320,2023-10-26,EC,,,,good,active,,
UVM-0319,2023-10-26,EC,,,,good,active,,
UVM-0318,2023-10-26,EC,,,,good,active,,
UVM-3208,2023-10-26,EC,,,,good,active,,
UVM-4075,2023-10-26,EC,,,,good,active,,
UVM-3209,2023-10-26,EC,,,,good,active,,
UVM-0316,2023-10-26,EC,,,,good,active,,
UVM-3210,2023-10-26,EC,,,,good,active,,
UVM-3211,2023-10-26,EC,,,,good,active,,
UVM-0310,2023-10-26,EC,,,,good,active,,
UVM-0309,2023-10-26,EC,,,,good,active,,
UVM-0308,2023-10-26,EC,,,,good,active,,
UVM-0314,2023-10-26,EC,,,,good,active,,
UVM-0313,2023-10-26,EC,,,,good,active,,
UVM-0311,2023-10-26,EC,,,,good,active,,
UVM-0312,2023-10-26,EC,,,,good,active,,
UVM-0307,2023-10-26,EC,,,,good,active,,
UVM-0306,2023-10-26,EC,,,,good,active,,
UVM-0304,2023-10-26,EC,,,,good,active,,
UVM-0305,2023-10-26,EC,,,,good,active,,
UVM-0298,2023-10-26,EC,,,,good,active,,
UVM-0299,2023-10-26,EC,,,,good,active,,
UVM-3269,2023-10-26,EC,,,,good,active,,
UVM-0301,2023-10-26,EC,,,,good,active,,
UVM-0294,2023-10-26,EC,,,,good,active,,
UVM-0295,2023-10-26,EC,,,,good,active,,
UVM-0296,2023-10-26,EC,,,,good,active,,
UVM-0297,2023-10-26,EC,,,,good,active,,
UVM-4076,2023-10-26,EC,,,,good,active,,
UVM-4077,2023-10-26,EC,,,,good,active,,
UVM-3273,2023-10-26,EC,,,,good,active,,
UVM-0289,2023-10-26,EC,,,,good,active,,
UVM-3272,2023-10-26,EC,,,,good,active,,
UVM-3271,2023-10-26,EC,,,,good,active,,
UVM-4078,2023-10-26,EC,,,,good,active,,
UVM-0291,2023-10-26,EC,,,,good,active,,
UVM-0292,2023-10-26,EC,,,,good,active,,
UVM-0394,2023-10-26,EC,,,,good,active,,
UVM-4079,2023-10-26,EC,,,,good,active,,
UVM-4080,2023-10-26,EC,,,,good,active,,
UVM-4081,2023-10-26,EC,,,,good,active,,
UVM-4082,2023-10-26,EC,,,,good,active,,
UVM-4083,2023-10-26,EC,,,,good,active,,
UVM-4084,2023-10-26,EC,,,,good,active,,
UVM-4085,2023-10-26,EC,,,,good,active,,
UVM-0271,2023-10-26,EC,,,,good,active,,
UVM-0270,2023-10-26,EC,,,,good,active,,
UVM-0269,2023-10-26,EC,,,,good,active,,
UVM-3255,2023-10-26,EC,,,,good,active,,
UVM-0267,2023-10-26,EC,,,,good,active,,
UVM-0263,2023-10-26,EC,,,,good,active,,
UVM-0264,2023-10-26,EC,,,,good,active,,
UVM-0265,2023-10-26,EC,,,,good,active,,
UVM-3270,2023-10-26,EC,,,,good,active,,
UVM-3268,2023-10-26,EC,,,,good,active,,
UVM-1302,2023-10-26,EC,,,,good,active,,
UVM-0282,2023-10-26,EC,,,,good,active,,
UVM-3267,2023-10-26,EC,,,,good,active,,
UVM-3266,2023-10-26,EC,,,,good,active,,
UVM-0280,2023-10-26,EC,,,,good,active,,
UVM-3265,2023-10-26,EC,,,,good,active,,
UVM-3264,2023-10-26,EC,,,,good,active,,
UVM-3263,2023-10-26,EC,,,,good,active,,
UVM-0258,2023-10-26,EC,,,,good,active,,
UVM-3262,2023-10-26,EC,,,,good,active,,
UVM-3261,2023-10-26,EC,,,,good,active,,
UVM-0491,2023-10-26,EC,,,,good,active,,
UVM-0250,2023-10-26,EC,,,,good,active,,
UVM-3260,2023-10-26,EC,,,,good,active,,
UVM-4086,2023-10-26,EC,,,,good,active,,
UVM-0246,2023-10-26,EC,,,,fair,active,,
UVM-3259,2023-10-26,EC,,,,good,active,,
UVM-0242,2023-10-26,EC,,,,good,active,,
UVM-0241,2023-10-26,EC,,,,good,active,,
UVM-0239,2023-10-26,EC,,,,good,active,,
UVM-4087,2023-10-26,EC,,,,good,active,,
UVM-0236,2023-10-26,EC,,,,good,active,,
UVM-1096,2023-10-28,EC,,,,good,active,,
UVM-3016,2023-10-28,EC,,,,good,active,,
UVM-3017,2023-10-28,EC,,,,good,active,,
UVM-1093,2023-10-28,EC,,,,good,active,,
UVM-1092,2023-10-28,EC,,,,good,active,,
UVM-1091,2023-10-28,EC,,,,good,active,,
UVM-1089,2023-10-28,EC,,,,good,active,,
UVM-1076,2023-10-28,EC,,,,good,active,,
UVM-1074,2023-10-28,EC,,,,good,active,,
UVM-1072,2023-10-28,EC,,,,good,active,,
UVM-0633,2023-10-28,EC,,,,good,active,,
UVM-1069,2023-10-28,EC,,,,good,active,,
UVM-1064,2023-10-28,EC,,,,good,active,,
UVM-1061,2023-10-28,EC,,,,good,active,,
UVM-1062,2023-10-28,EC,,,,good,active,,
UVM-1063,2023-10-28,EC,,,,good,active,,
UVM-1060,2023-10-28,EC,,,,good,active,,
UVM-1057,2023-10-28,EC,,,,good,active,,
UVM-1058,2023-10-28,EC,,,,good,active,,
UVM-1056,2023-10-28,EC,,,,good,active,,
UVM-1055,2023-10-28,EC,,,,good,active,,
UVM-1054,2023-10-28,EC,,,,good,active,,
UVM-1052,2023-10-28,EC,,,,fair,active,,
UVM-1053,2023-10-28,EC,,,,good,active,,
UVM-1050,2023-10-28,EC,,,,good,active,,
UVM-1049,2023-10-28,EC,,,,good,active,,
UVM-1048,2023-10-28,EC,,,,good,active,,
UVM-1047,2023-10-28,EC,,,,good,active,,
UVM-0512,2023-10-28,EC,,,,good,active,,
UVM-0511,2023-10-28,EC,,,,good,active,,
UVM-0510,2023-10-28,EC,,,,good,active,,
UVM-0509,2023-10-28,EC,,,,good,active,,
UVM-1039,2023-10-28,EC,,,,good,active,,
UVM-1044,2023-10-28,EC,,,,good,active,,
UVM-1045,2023-10-28,EC,,,,good,active,,
UVM-1046,2023-10-28,EC,,,,good,active,,
UVM-0518,2023-10-28,EC,,,,good,active,,
UVM-0517,2023-10-28,EC,,,,good,active,,
UVM-0515,2023-10-28,EC,,,,good,active,,
UVM-0516,2023-10-28,EC,,,,good,active,,
UVM-0514,2023-10-28,EC,,,,good,active,,
UVM-0513,2023-10-28,EC,,,,good,active,,
UVM-1080,2023-10-28,EC,,,,good,active,,
UVM-1083,2023-10-28,EC,,,,good,active,,
UVM-1084,2023-10-28,EC,,,,good,active,,
UVM-1085,2023-10-28,EC,,,,good,active,,
UVM-1086,2023-10-28,EC,,,,good,active,,
UVM-1087,2023-10-28,EC,,,,good,active,,
UVM-1088,2023-10-28,EC,,,,good,active,,
UVM-1100,2023-10-28,EC,,,,good,active,,
UVM-4088,2023-10-28,EC,,,,good,active,,
UVM-4089,2023-10-28,EC,,,,good,active,,
UVM-4090,2023-10-28,EC,,,,good,active,,
UVM-4091,2023-10-28,EC,,,,good,active,,
UVM-4092,2023-10-28,EC,,,,good,active,,
UVM-4093,2023-10-28,EC,,,,good,active,,
UVM-4094,2023-10-28,EC,,,,good,active,,
UVM-1099,2023-10-28,EC,,,,good,active,,
UVM-1097,2023-10-28,EC,,,,good,active,,
UVM-4095,2023-10-28,EC,,,,good,active,,
UVM-4096,2023-10-28,EC,,,,good,active,,
UVM-4097,2023-10-28,EC,,,,good,active,,
UVM-4098,2023-10-28,EC,,,,good,active,,
UVM-4099,2023-10-28,EC,,,,good,active,,
UVM-4100,2023-10-28,EC,,,,good,active,,
UVM-4101,2023-10-28,EC,,,,good,active,,
UVM-4102,2023-10-28,EC,,,,good,active,,
UVM-4103,2023-10-28,EC,,,,good,active,,
UVM-4104,2023-10-28,EC,,,,good,active,,
UVM-4105,2023-10-28,EC,,,,good,active,,
UVM-4106,2023-10-28,EC,,,,good,active,,
UVM-4107,2023-10-28,EC,,,,good,active,,
UVM-4108,2023-10-28,EC,,,,good,active,,
UVM-4109,2023-10-28,EC,,,,good,active,,
UVM-4110,2023-10-28,EC,,,,good,active,,
UVM-4111,2023-10-28,EC,,,,good,active,,
UVM-4112,2023-10-28,EC,,,,good,active,,
UVM-4113,2023-10-28,EC,,,,good,active,,
UVM-0472,2023-10-28,EC,,,,good,active,,
UVM-0459,2023-10-28,EC,,,,good,active,,
UVM-4114,2023-10-28,EC,,,,good,active,,
UVM-4115,2023-10-28,EC,,,,good,active,,
UVM-4116,2023-10-28,EC,,,,good,active,,
UVM-4117,2023-10-28,EC,,,,good,active,,
UVM-4118,2023-10-28,EC,,,,good,active,,
UVM-4119,2023-10-28,EC,,,,good,active,,
UVM-4120,2023-10-28,EC,,,,good,active,,
UVM-4121,2023-10-28,EC,,,,good,active,,
UVM-4122,2023-10-28,EC,,,,good,active,,
UVM-0417,2023-10-28,EC,,,,good,active,,
UVM-4123,2023-10-28,EC,,,,good,active,,
UVM-4124,2023-10-28,EC,,,,good,active,,
UVM-0422,2023-10-28,EC,,,,good,active,,
UVM-0423,2023-10-28,EC,,,,good,active,,
UVM-0424,2023-10-28,EC,,,,good,active,,
UVM-3201,2023-10-28,EC,,,,good,active,,
UVM-0426,2023-10-28,EC,,,,good,active,,
UVM-0427,2023-10-28,EC,,,,good,active,,
UVM-0428,2023-10-28,EC,,,,good,active,,
UVM-0429,2023-10-28,EC,,,,good,active,,
UVM-0430,2023-10-28,EC,,,,good,active,,
UVM-0431,2023-10-28,EC,,,,good,active,,
UVM-0433,2023-10-28,EC,,,,good,active,,
UVM-3202,2023-10-28,EC,,,,good,active,,
UVM-0435,2023-10-28,EC,,,,good,active,,
UVM-0440,2023-10-28,EC,,,,good,active,,
UVM-0441,2023-10-28,EC,,,,good,active,,
UVM-0436,2023-10-28,EC,,,,good,active,,
UVM-0442,2023-10-28,EC,,,,good,active,,
UVM-0443,2023-10-28,EC,,,,good,active,,
UVM-0432,2023-10-28,EC,,,,good,active,,
UVM-3204,2023-10-28,EC,,,,good,active,,
UVM-0445,2023-10-28,EC,,,,good,active,,
UVM-3203,2023-10-28,EC,,,,good,active,,
UVM-0449,2023-10-28,EC,,,,good,active,,
UVM-0450,2023-10-28,EC,,,,good,active,,
UVM-0451,2023-10-28,EC,,,,good,active,,
UVM-0452,2023-10-28,EC,,,,good,active,,
UVM-3205,2023-10-28,EC,,,,good,active,,
UVM-0464,2023-10-28,EC,,,,good,active,,
UVM-0454,2023-10-28,EC,,,,good,active,,
UVM-0456,2023-10-28,EC,,,,good,active,,
UVM-0457,2023-10-28,EC,,,,good,active,,
UVM-0458,2023-10-28,EC,,,,good,active,,
UVM-3206,2023-10-28,EC,,,,good,active,,
UVM-0462,2023-10-28,EC,,,,good,active,,
UVM-0463,2023-10-28,EC,,,,good,active,,
UVM-4125,2023-10-28,EC,,,,good,active,,TAG DISPUTED: tag 464 is also on UVM-0464 — check in person
UVM-0465,2023-10-28,EC,,,,good,active,,
UVM-0466,2023-10-28,EC,,,,good,active,,
UVM-0467,2023-10-28,EC,,,,good,active,,
UVM-0468,2023-10-28,EC,,,,good,active,,
UVM-0469,2023-10-28,EC,,,,good,active,,
UVM-0470,2023-10-28,EC,,,,good,active,,
UVM-4126,2023-10-28,EC,,,,good,active,,
UVM-0474,2023-10-28,EC,,,,good,active,,
UVM-0475,2023-10-28,EC,,,,good,active,,
UVM-3207,2023-10-28,EC,,,,good,active,,
UVM-0477,2023-10-28,EC,,,,good,active,,
UVM-0480,2023-10-28,EC,,,,good,active,,
UVM-0478,2023-10-28,EC,,,,good,active,,
UVM-4127,2023-10-28,EC,,,,good,active,,
UVM-4128,2023-10-28,EC,,,,good,active,,
UVM-3295,2023-10-28,EC,,,,good,active,,
UVM-3296,2023-10-28,EC,,,,good,active,,
UVM-3297,2023-10-28,EC,,,,good,active,,
UVM-4129,2023-10-28,EC,,,,good,active,,
UVM-4130,2023-10-28,EC,,,,good,active,,
UVM-4131,2023-10-28,EC,,,,good,active,,
UVM-4132,2023-10-28,EC,,,,good,active,,
UVM-4133,2023-10-28,EC,,,,good,active,,
UVM-4134,2023-10-28,EC,,,,good,active,,
UVM-4135,2023-10-28,EC,,,,good,active,,
UVM-4136,2023-10-28,EC,,,,good,active,,
UVM-4137,2023-10-28,EC,,,,good,active,,
UVM-4138,2023-10-28,EC,,,,good,active,,
UVM-4139,2023-10-28,EC,,,,good,active,,
UVM-4140,2023-10-28,EC,,,,good,active,,
UVM-4141,2023-10-28,EC,,,,good,active,,
UVM-4142,2023-10-28,EC,,,,good,active,,
UVM-4143,2023-10-28,EC,,,,good,active,,
UVM-4144,2023-10-28,EC,,,,good,active,,
UVM-4145,2023-10-28,EC,,,,good,active,,
UVM-2887,2023-10-29,EC,,,,good,active,,
UVM-4146,2023-10-29,EC,,,,good,active,,
UVM-4147,2023-10-29,EC,,,,good,active,,
UVM-4148,2023-10-29,EC,,,,good,active,,
UVM-4149,2023-10-29,EC,,,,good,active,,
UVM-4150,2023-10-29,EC,,,,good,active,,
UVM-4151,2023-10-29,EC,,,,good,active,,
UVM-4152,2023-10-29,EC,,,,good,active,,
UVM-3274,2023-10-29,EC,,,,good,active,,
UVM-3275,2023-10-29,EC,,,,good,active,,
UVM-3276,2023-10-29,EC,,,,good,active,,
UVM-3277,2023-10-29,EC,,,,good,active,,
UVM-4153,2023-10-29,EC,,,,good,active,,
UVM-4154,2023-10-29,EC,,,,good,active,,
UVM-4155,2023-10-29,EC,,,,good,active,,
UVM-4156,2023-10-29,EC,,,,good,active,,
UVM-4157,2023-10-29,EC,,,,good,active,,
UVM-4158,2023-10-29,EC,,,,good,active,,
UVM-4159,2023-10-29,EC,,,,good,active,,
UVM-0402,2023-10-29,EC,,,,good,active,,
UVM-4160,2023-10-29,EC,,,,good,active,,
UVM-4161,2023-10-29,EC,,,,good,active,,
UVM-3278,2023-10-29,EC,,,,good,active,,
UVM-4162,2023-10-29,EC,,,,good,active,,
UVM-4163,2023-10-29,EC,,,,good,active,,
UVM-3280,2023-10-29,EC,,,,good,active,,
UVM-3282,2023-10-29,EC,,,,good,active,,
UVM-3284,2023-10-29,EC,,,,good,active,,
UVM-3283,2023-10-29,EC,,,,good,active,,
UVM-3281,2023-10-29,EC,,,,good,active,,
UVM-4164,2023-10-29,EC,,,,good,active,,
UVM-4165,2023-10-29,EC,,,,good,active,,
UVM-4166,2023-10-29,EC,,,,good,active,,
UVM-3279,2023-10-29,EC,,,,good,active,,
UVM-4167,2023-10-29,EC,,,,good,active,,
UVM-4168,2023-10-29,EC,,,,good,active,,
UVM-4169,2023-10-29,EC,,,,good,active,,
UVM-4170,2023-10-29,EC,,,,good,active,,
UVM-4171,2023-10-29,EC,,,,good,active,,
UVM-4172,2023-10-29,EC,,,,good,active,,
UVM-4173,2023-10-29,EC,,,,good,active,,
UVM-4174,2023-10-29,EC,,,,good,active,,
UVM-4175,2023-10-29,EC,,,,good,active,,
UVM-4176,2023-10-29,EC,,,,good,active,,
UVM-0255,2023-10-29,EC,,,,good,active,,
UVM-0254,2023-10-29,EC,,,,good,active,,
UVM-4177,2023-10-29,EC,,,,good,active,,
UVM-3285,2023-10-29,EC,,,,good,active,,
UVM-4178,2023-10-29,EC,,,,good,active,,
UVM-3258,2023-10-29,EC,,,,good,active,,
UVM-0234,2023-10-29,EC,,,,good,active,,
UVM-0233,2023-10-29,EC,,,,good,active,,
UVM-1301,2023-10-29,EC,,,,good,active,,
UVM-0231,2023-10-29,EC,,,,good,active,,
UVM-1032,2023-10-29,EC,,,,good,active,,
UVM-4179,2023-10-29,EC,,,,good,active,,
UVM-0229,2023-10-29,EC,,,,good,active,,
UVM-3257,2023-10-29,EC,,,,good,active,,
UVM-0227,2023-10-29,EC,,,,good,active,,
UVM-0224,2023-10-29,EC,,,,good,active,,
UVM-4180,2023-10-29,EC,,,,good,active,,
UVM-3256,2023-10-29,EC,,,,good,active,,
UVM-0221,2023-10-29,EC,,,,fair,active,,
UVM-0220,2023-10-29,EC,,,,good,active,,
UVM-4181,2023-10-29,EC,,,,good,active,,
UVM-3232,2023-10-29,EC,,,,good,active,,
UVM-0212,2023-10-29,EC,,,,good,active,,
UVM-0213,2023-10-29,EC,,,,good,active,,
UVM-0214,2023-10-29,EC,,,,good,active,,
UVM-0215,2023-10-29,EC,,,,good,active,,
UVM-0216,2023-10-29,EC,,,,good,active,,
UVM-0217,2023-10-29,EC,,,,good,active,,
UVM-0218,2023-10-29,EC,,,,good,active,,
UVM-3233,2023-10-29,EC,,,,good,active,,
UVM-0210,2023-10-29,EC,,,,good,active,,
UVM-1022,2023-10-29,EC,,,,good,active,,
UVM-1024,2023-10-29,EC,,,,good,active,,
UVM-1021,2023-10-29,EC,,,,good,active,,
UVM-1019,2023-10-29,EC,,,,good,active,,
UVM-1017,2023-10-29,EC,,,,good,active,,
UVM-0992,2023-10-29,EC,,,,good,active,,
UVM-1015,2023-10-29,EC,,,,good,active,,
UVM-1013,2023-10-29,EC,,,,good,active,,
UVM-1029,2023-10-29,EC,,,,good,active,,
UVM-1027,2023-10-29,EC,,,,good,active,,
UVM-3286,2023-10-29,EC,,,,good,active,,
UVM-1009,2023-10-29,EC,,,,good,active,,
UVM-1008,2023-10-29,EC,,,,good,active,,
UVM-1007,2023-10-29,EC,,,,good,active,,
UVM-0598,2023-10-29,EC,,,,good,active,,
UVM-0599,2023-10-29,EC,,,,good,active,,
UVM-0597,2023-10-29,EC,,,,good,active,,
UVM-0595,2023-10-29,EC,,,,good,active,,
UVM-0593,2023-10-29,EC,,,,good,active,,
UVM-0594,2023-10-29,EC,,,,good,active,,
UVM-2889,2023-10-29,EC,,,,good,active,,
UVM-0590,2023-10-29,EC,,,,good,active,,
UVM-0591,2023-10-29,EC,,,,good,active,,
UVM-0588,2023-10-29,EC,,,,good,active,,
UVM-2890,2023-10-29,EC,,,,fair,active,,
UVM-0587,2023-10-29,EC,,,,good,active,,
UVM-2891,2023-10-29,EC,,,,good,active,,
UVM-2892,2023-10-29,EC,,,,good,active,,
UVM-0584,2023-10-29,EC,,,,good,active,,
UVM-0583,2023-10-29,EC,,,,good,active,,
UVM-0582,2023-10-29,EC,,,,good,active,,
UVM-0581,2023-10-29,EC,,,,good,active,,
UVM-0580,2023-10-29,EC,,,,good,active,,
UVM-4182,2023-10-29,EC,,,,good,active,,"TAG UNCERTAIN: recorded as ""902 or 578"" — check in person"
UVM-0571,2023-10-29,EC,,,,good,active,,
UVM-2894,2023-10-29,EC,,,,good,active,,
UVM-0904,2023-10-29,EC,,,,good,active,,
UVM-2896,2023-10-29,EC,,,,good,active,,
UVM-0573,2023-10-29,EC,,,,good,active,,
UVM-0568,2023-10-29,EC,,,,good,active,,
UVM-0911,2023-10-29,EC,,,,good,active,,
UVM-0549,2023-10-29,EC,,,,good,active,,
UVM-4183,2023-10-29,EC,,,,good,active,,
UVM-4184,2023-10-29,EC,,,,good,active,,
UVM-2900,2023-10-29,EC,,,,good,active,,
UVM-2899,2023-10-29,EC,,,,good,active,,
UVM-2897,2023-10-29,EC,,,,good,active,,
UVM-0563,2023-10-29,EC,,,,good,active,,
UVM-0562,2023-10-29,EC,,,,good,active,,
UVM-0560,2023-10-29,EC,,,,good,active,,
UVM-0574,2023-10-29,EC,,,,good,active,,
UVM-0558,2023-10-29,EC,,,,good,active,,
UVM-0557,2023-10-29,EC,,,,good,active,,
UVM-0556,2023-10-29,EC,,,,good,active,,
UVM-0575,2023-10-29,EC,,,,good,active,,
UVM-0576,2023-10-29,EC,,,,good,active,,
UVM-1011,2023-10-29,EC,,,,good,active,,
UVM-3287,2023-10-29,EC,,,,good,active,,
UVM-3288,2023-10-29,EC,,,,good,active,,
UVM-3289,2023-10-29,EC,,,,good,active,,
UVM-3290,2023-10-29,EC,,,,good,active,,
UVM-3291,2023-10-29,EC,,,,good,active,,
UVM-3292,2023-10-29,EC,,,,good,active,,
UVM-3293,2023-10-29,EC,,,,good,active,,
UVM-3294,2023-10-29,EC,,,,good,active,,
UVM-3300,2023-10-29,EC,,,,good,active,,
UVM-3299,2023-10-29,EC,,,,good,active,,
UVM-3298,2023-10-29,EC,,,,good,active,,
UVM-4185,2023-11-02,EC,,,,good,active,,
UVM-3802,2023-11-02,EC,,,,good,active,,
UVM-4186,2023-11-02,EC,,,,good,active,,
UVM-0861,2023-11-02,EC,,,,good,active,,
UVM-0860,2023-11-02,EC,,,,good,active,,
UVM-0859,2023-11-02,EC,,,,good,active,,
UVM-0858,2023-11-02,EC,,,,good,active,,
UVM-0857,2023-11-02,EC,,,,good,active,,
UVM-0856,2023-11-02,EC,,,,good,active,,
UVM-0855,2023-11-02,EC,,,,good,active,,
UVM-0854,2023-11-02,EC,,,,good,active,,
UVM-0853,2023-11-02,EC,,,,good,active,,
UVM-0852,2023-11-02,EC,,,,good,active,,
UVM-0851,2023-11-02,EC,,,,good,active,,
UVM-0850,2023-11-02,EC,,,,good,active,,
UVM-0849,2023-11-02,EC,,,,good,active,,
UVM-0848,2023-11-02,EC,,,,good,active,,
UVM-0847,2023-11-02,EC,,,,good,active,,
UVM-0846,2023-11-02,EC,,,,good,active,,
UVM-0845,2023-11-02,EC,,,,good,active,,
UVM-0843,2023-11-02,EC,,,,good,active,,
UVM-0844,2023-11-02,EC,,,,good,active,,
UVM-3803,2023-11-02,EC,,,,good,active,,
UVM-4187,2023-11-02,EC,,,,good,active,,
UVM-4188,2023-11-02,EC,,,,good,active,,
UVM-4189,2023-11-02,EC,,,,good,active,,
UVM-4190,2023-11-02,EC,,,,good,active,,
UVM-0842,2023-11-02,EC,,,,good,active,,
UVM-0841,2023-11-02,EC,,,,good,active,,
UVM-4191,2023-11-02,EC,,,,good,active,,
UVM-3804,2023-11-02,EC,,,,good,active,,
UVM-4192,2023-11-02,EC,,,,good,active,,
UVM-4193,2023-11-02,EC,,,,good,active,,
UVM-3806,2023-11-02,EC,,,,good,active,,
UVM-4194,2023-11-02,EC,,,,good,active,,
UVM-0840,2023-11-02,EC,,,,good,active,,
UVM-0839,2023-11-02,EC,,,,good,active,,
UVM-4195,2023-11-02,EC,,,,good,active,,
UVM-4196,2023-11-02,EC,,,,good,active,,
UVM-3805,2023-11-02,EC,,,,good,active,,
UVM-3808,2023-11-02,EC,,,,good,active,,
UVM-3807,2023-11-02,EC,,,,good,active,,
UVM-0833,2023-11-02,EC,,,,good,active,,
UVM-3230,2023-11-05,EC,,,,good,active,,
UVM-0009,2023-11-05,EC,,,,good,active,,
UVM-3231,2023-11-05,EC,,,,good,active,,
UVM-0002,2023-11-05,EC,,,,good,active,,
UVM-0001,2023-11-05,EC,,,,good,active,,
UVM-0012,2023-11-05,EC,,,,good,active,,
UVM-0026,2023-11-05,EC,,,,good,active,,
UVM-3228,2023-11-05,EC,,,,good,active,,
UVM-0028,2023-11-05,EC,,,,good,active,,
UVM-0030,2023-11-05,EC,,,,good,active,,
UVM-0029,2023-11-05,EC,,,,good,active,,
UVM-0036,2023-11-05,EC,,,,good,active,,
UVM-0016,2023-11-05,EC,,,,good,active,,
UVM-3229,2023-11-05,EC,,,,good,active,,
UVM-0018,2023-11-05,EC,,,,good,active,,
UVM-0019,2023-11-05,EC,,,,good,active,,
UVM-3227,2023-11-05,EC,,,,good,active,,
UVM-0021,2023-11-05,EC,,,,good,active,,
UVM-0023,2023-11-05,EC,,,,good,active,,
UVM-0038,2023-11-05,EC,,,,good,active,,
UVM-4197,2023-11-05,EC,,,,good,active,,
UVM-0039,2023-11-05,EC,,,,good,active,,
UVM-0041,2023-11-05,EC,,,,good,active,,
UVM-0040,2023-11-05,EC,,,,good,active,,
UVM-3226,2023-11-05,EC,,,,good,active,,
UVM-0046,2023-11-05,EC,,,,good,active,,
UVM-0045,2023-11-05,EC,,,,good,active,,
UVM-0047,2023-11-05,EC,,,,good,active,,
UVM-3224,2023-11-05,EC,,,,good,active,,
UVM-0050,2023-11-05,EC,,,,good,active,,
UVM-0051,2023-11-05,EC,,,,good,active,,
UVM-3225,2023-11-05,EC,,,,good,active,,
UVM-0053,2023-11-05,EC,,,,good,active,,
UVM-0054,2023-11-05,EC,,,,good,active,,
UVM-4198,2023-11-05,EC,,,,good,active,,
UVM-0058,2023-11-05,EC,,,,good,active,,
UVM-0062,2023-11-05,EC,,,,good,active,,
UVM-0059,2023-11-05,EC,,,,good,active,,
UVM-0060,2023-11-05,EC,,,,good,active,,
UVM-0061,2023-11-05,EC,,,,good,active,,
UVM-0064,2023-11-05,EC,,,,good,active,,
UVM-3223,2023-11-05,EC,,,,good,active,,
UVM-0067,2023-11-05,EC,,,,good,active,,
UVM-0068,2023-11-05,EC,,,,good,active,,
UVM-0081,2023-11-05,EC,,,,good,active,,
UVM-0080,2023-11-05,EC,,,,good,active,,
UVM-0077,2023-11-05,EC,,,,good,active,,
UVM-4199,2023-11-05,EC,,,,good,active,,
UVM-0075,2023-11-05,EC,,,,good,active,,
UVM-0074,2023-11-05,EC,,,,good,active,,
UVM-0073,2023-11-05,EC,,,,good,active,,
UVM-3222,2023-11-05,EC,,,,good,active,,
UVM-0069,2023-11-05,EC,,,,good,active,,
UVM-0088,2023-11-05,EC,,,,good,active,,
UVM-3220,2023-11-05,EC,,,,good,active,,
UVM-0084,2023-11-05,EC,,,,good,active,,
UVM-3221,2023-11-05,EC,,,,good,active,,
UVM-0085,2023-11-05,EC,,,,good,active,,
UVM-0104,2023-11-05,EC,,,,good,active,,
UVM-3218,2023-11-05,EC,,,,good,active,,
UVM-3219,2023-11-05,EC,,,,good,active,,
UVM-0101,2023-11-05,EC,,,,good,active,,
UVM-0100,2023-11-05,EC,,,,good,active,,
UVM-0105,2023-11-05,EC,,,,good,active,,
UVM-3217,2023-11-05,EC,,,,good,active,,
UVM-0109,2023-11-05,EC,,,,good,active,,
UVM-3216,2023-11-05,EC,,,,good,active,,
UVM-0112,2023-11-05,EC,,,,good,active,,
UVM-3215,2023-11-05,EC,,,,good,active,,
UVM-3214,2023-11-05,EC,,,,good,active,,
UVM-0120,2023-11-05,EC,,,,good,active,,
UVM-0119,2023-11-05,EC,,,,good,active,,
UVM-0115,2023-11-05,EC,,,,good,active,,
UVM-0116,2023-11-05,EC,,,,good,active,,
UVM-0117,2023-11-05,EC,,,,good,active,,
UVM-0121,2023-11-05,EC,,,,good,active,,
UVM-0122,2023-11-05,EC,,,,good,active,,
UVM-0126,2023-11-05,EC,,,,good,active,,
UVM-0123,2023-11-05,EC,,,,good,active,,
UVM-0124,2023-11-05,EC,,,,good,active,,
UVM-0125,2023-11-05,EC,,,,good,active,,
UVM-0129,2023-11-05,EC,,,,good,active,,
UVM-0128,2023-11-05,EC,,,,good,active,,
UVM-0130,2023-11-05,EC,,,,good,active,,
UVM-0131,2023-11-05,EC,,,,good,active,,
UVM-0132,2023-11-05,EC,,,,good,active,,
UVM-0163,2023-11-05,EC,,,,good,active,,
UVM-0154,2023-11-05,EC,,,,good,active,,
UVM-0162,2023-11-05,EC,,,,good,active,,
UVM-0161,2023-11-05,EC,,,,good,active,,
UVM-0160,2023-11-05,EC,,,,good,active,,
UVM-0090,2023-11-05,EC,,,,good,active,,
UVM-0091,2023-11-05,EC,,,,good,active,,
UVM-0092,2023-11-05,EC,,,,good,active,,
UVM-3213,2023-11-05,EC,,,,good,active,,
UVM-0094,2023-11-05,EC,,,,good,active,,
UVM-0095,2023-11-05,EC,,,,good,active,,
UVM-0098,2023-11-05,EC,,,,good,active,,
UVM-0146,2023-11-05,EC,,,,good,active,,
UVM-0096,2023-11-05,EC,,,,good,active,,
UVM-3212,2023-11-05,EC,,,,good,active,,
UVM-0138,2023-11-05,EC,,,,good,active,,
UVM-0140,2023-11-05,EC,,,,fair,active,,
UVM-0141,2023-11-05,EC,,,,good,active,,
UVM-0142,2023-11-05,EC,,,,good,active,,
UVM-0143,2023-11-05,EC,,,,good,active,,
UVM-0144,2023-11-05,EC,,,,good,active,,
UVM-4200,2023-11-05,EC,,,,good,active,,
UVM-0157,2023-11-05,EC,,,,good,active,,
UVM-4201,2023-11-05,EC,,,,good,active,,
UVM-0155,2023-11-05,EC,,,,good,active,,
UVM-4202,2023-11-05,EC,,,,good,active,,
UVM-0159,2023-11-05,EC,,,,good,active,,
UVM-0150,2023-11-05,EC,,,,good,active,,
UVM-0097,2023-11-05,EC,,,,good,active,,
UVM-0147,2023-11-05,EC,,,,good,active,,
UVM-0148,2023-11-05,EC,,,,good,active,,
UVM-0151,2023-11-05,EC,,,,good,active,,
UVM-0152,2023-11-05,EC,,,,good,active,,
UVM-0133,2023-11-05,EC,,,,good,active,,
UVM-0135,2023-11-05,EC,,,,good,active,,
UVM-0136,2023-11-05,EC,,,,good,active,,
UVM-4203,2023-11-05,EC,,,,good,active,,
UVM-4204,2023-11-05,EC,,,,good,active,,
UVM-0829,2023-11-05,EC,,,,good,active,,
UVM-4205,2023-11-05,EC,,,,good,active,,
UVM-4206,2023-11-05,EC,,,,good,active,,
UVM-4207,2023-11-05,EC,,,,good,active,,
UVM-0826,2023-11-05,EC,,,,good,active,,
UVM-0827,2023-11-05,EC,,,,good,active,,
UVM-0824,2023-11-05,EC,,,,good,active,,
UVM-4208,2023-11-05,EC,,,,good,active,,
UVM-0823,2023-11-05,EC,,,,good,active,,
UVM-4209,2023-11-05,EC,,,,good,active,,
UVM-4210,2023-11-05,EC,,,,good,active,,
UVM-4211,2023-11-05,EC,,,,good,active,,
UVM-0819,2023-11-05,EC,,,,good,active,,
UVM-4212,2023-11-05,EC,,,,good,active,,
UVM-4213,2023-11-05,EC,,,,good,active,,
UVM-4214,2023-11-05,EC,,,,good,active,,
UVM-4215,2023-11-05,EC,,,,good,active,,
UVM-4216,2023-11-05,EC,,,,good,active,,
UVM-3812,2023-11-05,EC,,,,good,active,,
UVM-3811,2023-11-05,EC,,,,good,active,,
UVM-4217,2023-11-05,EC,,,,good,active,,
UVM-4218,2023-11-05,EC,,,,good,active,,
UVM-0808,2023-11-05,EC,,,,good,active,,
UVM-4219,2023-11-05,EC,,,,good,active,,
UVM-4220,2023-11-05,EC,,,,good,active,,
UVM-4221,2023-11-05,EC,,,,good,active,,
UVM-4222,2023-11-05,EC,,,,good,active,,
UVM-4223,2023-11-05,EC,,,,good,active,,
UVM-4224,2023-11-05,EC,,,,good,active,,
UVM-0797,2023-11-05,EC,,,,good,active,,
UVM-3817,2023-11-05,EC,,,,good,active,,
UVM-3815,2023-11-05,EC,,,,good,active,,
UVM-0794,2023-11-05,EC,,,,good,active,,
UVM-0793,2023-11-05,EC,,,,good,active,,
UVM-0792,2023-11-05,EC,,,,good,active,,
UVM-3813,2023-11-05,EC,,,,good,active,,
UVM-0788,2023-11-05,EC,,,,good,active,,
UVM-2648,2023-11-05,EC,,,,good,active,,
UVM-2647,2023-11-05,EC,,,,good,active,,
UVM-2646,2023-11-05,EC,,,,good,active,,
UVM-2649,2023-11-05,EC,,,,good,active,,
UVM-2652,2023-11-05,EC,,,,good,active,,
UVM-2650,2023-11-05,EC,,,,good,active,,
UVM-2651,2023-11-05,EC,,,,good,active,,
UVM-2653,2023-11-05,EC,,,,good,active,,
UVM-2654,2023-11-05,EC,,,,good,active,,
UVM-2655,2023-11-05,EC,,,,good,active,,
UVM-4225,2023-11-05,EC,,,,good,active,,
UVM-4226,2023-11-05,EC,,,,good,active,,
UVM-4227,2023-11-05,EC,,,,good,active,,
UVM-2659,2023-11-05,EC,,,,good,active,,
UVM-2658,2023-11-05,EC,,,,good,active,,
UVM-2656,2023-11-05,EC,,,,good,active,,
UVM-2657,2023-11-05,EC,,,,good,active,,
UVM-4228,2023-11-05,EC,,,,good,active,,
UVM-4229,2023-11-05,EC,,,,good,active,,
UVM-4230,2023-11-05,EC,,,,good,active,,
UVM-4231,2023-11-05,EC,,,,good,active,,
UVM-4232,2023-11-05,EC,,,,good,active,,
UVM-4233,2023-11-05,EC,,,,good,active,,
UVM-4234,2023-11-05,EC,,,,good,active,,
UVM-2642,2023-11-05,EC,,,,good,active,,
UVM-4235,2023-11-05,EC,,,,good,active,,
UVM-4236,2023-11-05,EC,,,,good,active,,
UVM-2639,2023-11-05,EC,,,,good,active,,
UVM-4237,2023-11-05,EC,,,,good,active,,
UVM-4238,2023-11-05,EC,,,,good,active,,
UVM-4239,2023-11-10,EC,,,,good,active,,
UVM-2638,2023-11-10,EC,,,,fair,active,,
UVM-2629,2023-11-10,EC,,,,good,active,,
UVM-4240,2023-11-10,EC,,,,good,active,,
UVM-2630,2023-11-10,EC,,,,good,active,,
UVM-2627,2023-11-10,EC,,,,good,active,,
UVM-2628,2023-11-10,EC,,,,good,active,,
UVM-2637,2023-11-10,EC,,,,good,active,,
UVM-2635,2023-11-10,EC,,,,good,active,,
UVM-2636,2023-11-10,EC,,,,good,active,,
UVM-2634,2023-11-10,EC,,,,good,active,,
UVM-2626,2023-11-10,EC,,,,good,active,,
UVM-2640,2023-11-10,EC,,,,good,active,,
UVM-2631,2023-11-10,EC,,,,good,active,,
UVM-2632,2023-11-10,EC,,,,good,active,,
UVM-2633,2023-11-10,EC,,,,good,active,,
UVM-2641,2023-11-10,EC,,,,good,active,,
UVM-2643,2023-11-10,EC,,,,good,active,,
UVM-2644,2023-11-10,EC,,,,good,active,,
UVM-4241,2023-11-10,EC,,,,good,active,,
UVM-2645,2023-11-10,EC,,,,good,active,,
UVM-4242,2023-11-10,EC,,,,good,active,,
UVM-4243,2023-11-10,EC,,,,good,active,,
UVM-4244,2023-11-10,EC,,,,good,active,,
UVM-2623,2023-11-10,EC,,,,good,active,,
UVM-2625,2023-11-10,EC,,,,good,active,,
UVM-2624,2023-11-10,EC,,,,good,active,,
UVM-2622,2023-11-10,EC,,,,good,active,,
UVM-2621,2023-11-10,EC,,,,good,active,,
UVM-2618,2023-11-10,EC,,,,good,active,,
UVM-2620,2023-11-10,EC,,,,good,active,,
UVM-2619,2023-11-10,EC,,,,good,active,,
UVM-2617,2023-11-10,EC,,,,good,active,,
UVM-2616,2023-11-10,EC,,,,good,active,,
UVM-4245,2023-11-10,EC,,,,good,active,,
UVM-4246,2023-11-10,EC,,,,good,active,,
UVM-4247,2023-11-10,EC,,,,good,active,,
UVM-4248,2023-11-10,EC,,,,good,active,,
UVM-4249,2023-11-10,EC,,,,good,active,,
UVM-4250,2023-11-10,EC,,,,good,active,,
UVM-4251,2023-11-10,EC,,,,good,active,,
UVM-4252,2023-11-10,EC,,,,good,active,,
UVM-4253,2023-11-10,EC,,,,good,active,,
UVM-2534,2023-11-10,EC,,,,good,active,,
UVM-2533,2023-11-10,EC,,,,good,active,,
UVM-2532,2023-11-10,EC,,,,good,active,,
UVM-2528,2023-11-10,EC,,,,good,active,,
UVM-2527,2023-11-10,EC,,,,good,active,,
UVM-2526,2023-11-10,EC,,,,good,active,,
UVM-2523,2023-11-10,EC,,,,good,active,,
UVM-2524,2023-11-10,EC,,,,good,active,,
UVM-2525,2023-11-10,EC,,,,good,active,,
UVM-2539,2023-11-10,EC,,,,good,active,,
UVM-2538,2023-11-10,EC,,,,good,active,,
UVM-2537,2023-11-10,EC,,,,good,active,,
UVM-2615,2023-11-10,EC,,,,good,active,,
UVM-4254,2023-11-10,EC,,,,good,active,,
UVM-4255,2023-11-10,EC,,,,good,active,,
UVM-4256,2023-11-10,EC,,,,good,active,,
UVM-2613,2023-11-10,EC,,,,fair,active,,
UVM-2614,2023-11-10,EC,,,,good,active,,
UVM-2611,2023-11-10,EC,,,,good,active,,
UVM-2610,2023-11-10,EC,,,,good,active,,
UVM-2609,2023-11-10,EC,,,,good,active,,
UVM-2608,2023-11-10,EC,,,,good,active,,
UVM-2607,2023-11-10,EC,,,,good,active,,
UVM-2606,2023-11-10,EC,,,,good,active,,
UVM-2604,2023-11-10,EC,,,,good,active,,
UVM-4257,2023-11-10,EC,,,,good,active,,
UVM-4258,2023-11-10,EC,,,,good,active,,
UVM-4259,2023-11-10,EC,,,,good,active,,
UVM-4260,2023-11-10,EC,,,,good,active,,
UVM-2602,2023-11-10,EC,,,,good,active,,
UVM-2603,2023-11-10,EC,,,,good,active,,
UVM-2605,2023-11-10,EC,,,,good,active,,
UVM-2601,2023-11-10,EC,,,,good,active,,
UVM-2600,2023-11-10,EC,,,,good,active,,
UVM-2543,2023-11-10,EC,,,,good,active,,
UVM-2542,2023-11-10,EC,,,,good,active,,
UVM-2521,2023-11-10,EC,,,,good,active,,
UVM-2499,2023-11-10,EC,,,,good,active,,
UVM-2500,2023-11-10,EC,,,,good,active,,
UVM-2498,2023-11-10,EC,,,,good,active,,
UVM-2497,2023-11-10,EC,,,,good,active,,
UVM-2496,2023-11-10,EC,,,,good,active,,
UVM-2495,2023-11-10,EC,,,,good,active,,
UVM-2544,2023-11-10,EC,,,,good,active,,
UVM-2545,2023-11-10,EC,,,,good,active,,
UVM-2546,2023-11-10,EC,,,,good,active,,
UVM-3254,2023-11-10,EC,,,,good,active,,
UVM-2547,2023-11-10,EC,,,,good,active,,
UVM-2550,2023-11-10,EC,,,,good,active,,
UVM-2552,2023-11-10,EC,,,,good,active,,
UVM-2553,2023-11-10,EC,,,,good,active,,
UVM-3251,2023-11-10,EC,,,,good,active,,
UVM-2549,2023-11-10,EC,,,,good,active,,
UVM-2548,2023-11-10,EC,,,,good,active,,
UVM-3253,2023-11-10,EC,,,,good,active,,
UVM-3247,2023-11-10,EC,,,,good,active,,
UVM-3250,2023-11-10,EC,,,,good,active,,
UVM-2554,2023-11-10,EC,,,,good,active,,
UVM-3245,2023-11-10,EC,,,,good,active,,
UVM-3246,2023-11-10,EC,,,,good,active,,
UVM-3248,2023-11-10,EC,,,,fair,active,,
UVM-3249,2023-11-10,EC,,,,good,active,,
UVM-4261,2023-11-10,EC,,,,good,active,,TAG DISPUTED: tag 3247 is also on UVM-3247 — check in person
UVM-3242,2023-11-10,EC,,,,good,active,,
UVM-3244,2023-11-10,EC,,,,good,active,,
UVM-4262,2023-11-10,EC,,,,good,active,,TAG DISPUTED: tag 2554 is also on UVM-2554 — check in person
UVM-3243,2023-11-10,EC,,,,good,active,,
UVM-3241,2023-11-10,EC,,,,good,active,,
UVM-3240,2023-11-10,EC,,,,good,active,,
UVM-3239,2023-11-10,EC,,,,good,active,,
UVM-2494,2023-11-10,EC,,,,good,active,,
UVM-2493,2023-11-10,EC,,,,good,active,,
UVM-2491,2023-11-10,EC,,,,good,active,,
UVM-3234,2023-11-10,EC,,,,good,active,,
UVM-3237,2023-11-10,EC,,,,good,active,,
UVM-3236,2023-11-10,EC,,,,good,active,,
UVM-3235,2023-11-10,EC,,,,good,active,,
UVM-4263,2023-11-10,EC,,,,good,active,,
UVM-4264,2023-11-10,EC,,,,good,active,,
UVM-4265,2023-11-10,EC,,,,good,active,,
UVM-4266,2023-11-10,EC,,,,good,active,,
UVM-3238,2023-11-10,EC,,,,good,active,,
UVM-2865,2023-11-11,EC,,,,good,active,,
UVM-2866,2023-11-11,EC,,,,good,active,,
UVM-1627,2023-11-11,EC,,,,good,active,,
UVM-4267,2023-11-11,EC,,,,good,active,,
UVM-4268,2023-11-11,EC,,,,good,active,,
UVM-1626,2023-11-11,EC,,,,good,active,,
UVM-4269,2023-11-11,EC,,,,good,active,,
UVM-1634,2023-11-11,EC,,,,good,active,,
UVM-4270,2023-11-11,EC,,,,good,active,,
UVM-4271,2023-11-11,EC,,,,good,active,,
UVM-4272,2023-11-11,EC,,,,good,active,,
UVM-4273,2023-11-11,EC,,,,good,active,,
UVM-2869,2023-11-11,EC,,,,good,active,,
UVM-2868,2023-11-11,EC,,,,good,active,,
UVM-4274,2023-11-11,EC,,,,good,active,,
UVM-4275,2023-11-11,EC,,,,good,active,,TAG DISPUTED: tag 623 is also on UVM-0623 — check in person
UVM-4276,2023-11-11,EC,,,,good,active,,
UVM-1619,2023-11-11,EC,,,,good,active,,
UVM-1617,2023-11-11,EC,,,,good,active,,
UVM-1616,2023-11-11,EC,,,,good,active,,
UVM-1615,2023-11-11,EC,,,,fair,active,,
UVM-2764,2023-11-11,EC,,,,good,active,,
UVM-4277,2023-11-11,EC,,,,good,active,,
UVM-1611,2023-11-11,EC,,,,good,active,,
UVM-1609,2023-11-11,EC,,,,good,active,,
UVM-1608,2023-11-11,EC,,,,good,active,,
UVM-2863,2023-11-11,EC,,,,good,active,,
UVM-2861,2023-11-11,EC,,,,good,active,,
UVM-2862,2023-11-11,EC,,,,good,active,,
UVM-4278,2023-11-11,EC,,,,good,active,,
UVM-1639,2023-11-11,EC,,,,good,active,,
UVM-1640,2023-11-11,EC,,,,good,active,,
UVM-1641,2023-11-11,EC,,,,good,active,,
UVM-2860,2023-11-11,EC,,,,good,active,,
UVM-1646,2023-11-11,EC,,,,good,active,,
UVM-1648,2023-11-11,EC,,,,good,active,,
UVM-1645,2023-11-11,EC,,,,good,active,,
UVM-1644,2023-11-11,EC,,,,good,active,,
UVM-1642,2023-11-11,EC,,,,good,active,,
UVM-1643,2023-11-11,EC,,,,good,active,,
UVM-4279,2023-11-11,EC,,,,good,active,,
UVM-4280,2023-11-11,EC,,,,good,active,,
UVM-4281,2023-11-11,EC,,,,good,active,,
UVM-2859,2023-11-11,EC,,,,good,active,,
UVM-1650,2023-11-11,EC,,,,good,active,,
UVM-4282,2023-11-11,EC,,,,good,active,,
UVM-4283,2023-11-11,EC,,,,good,active,,
UVM-4284,2023-11-11,EC,,,,good,active,,
UVM-4285,2023-11-11,EC,,,,good,active,,
UVM-4286,2023-11-11,EC,,,,good,active,,
UVM-4287,2023-11-11,EC,,,,good,active,,
UVM-1651,2023-11-11,EC,,,,good,active,,
UVM-2858,2023-11-11,EC,,,,fair,active,,
UVM-4288,2023-11-11,EC,,,,good,active,,
UVM-4289,2023-11-11,EC,,,,good,active,,
UVM-4290,2023-11-11,EC,,,,good,active,,
UVM-4291,2023-11-11,EC,,,,good,active,,
UVM-4292,2023-11-11,EC,,,,good,active,,
UVM-4293,2023-11-11,EC,,,,good,active,,
UVM-4294,2023-11-11,EC,,,,good,active,,
UVM-4295,2023-11-11,EC,,,,good,active,,
UVM-4296,2023-11-11,EC,,,,good,active,,
UVM-4297,2023-11-11,EC,,,,good,active,,
UVM-4298,2023-11-11,EC,,,,good,active,,
UVM-2857,2023-11-11,EC,,,,good,active,,
UVM-1655,2023-11-11,EC,,,,good,active,,
UVM-2856,2023-11-11,EC,,,,good,active,,
UVM-4299,2023-11-11,EC,,,,good,active,,
UVM-1707,2023-11-11,EC,,,,good,active,,
UVM-4300,2023-11-11,EC,,,,good,active,,
UVM-4301,2023-11-11,EC,,,,good,active,,
UVM-4302,2023-11-11,EC,,,,good,active,,
UVM-1705,2023-11-11,EC,,,,good,active,,
UVM-1657,2023-11-11,EC,,,,good,active,,
UVM-4303,2023-11-11,EC,,,,good,active,,
UVM-4304,2023-11-11,EC,,,,good,active,,
UVM-4305,2023-11-11,EC,,,,good,active,,
UVM-4306,2023-11-11,EC,,,,good,active,,
UVM-4307,2023-11-11,EC,,,,good,active,,
UVM-4308,2023-11-11,EC,,,,good,active,,
UVM-4309,2023-11-11,EC,,,,good,active,,
UVM-4310,2023-11-11,EC,,,,good,active,,
UVM-4311,2023-11-11,EC,,,,good,active,,
UVM-4312,2023-11-11,EC,,,,good,active,,
UVM-4313,2023-11-11,EC,,,,good,active,,
UVM-4314,2023-11-11,EC,,,,good,active,,
UVM-4315,2023-11-11,EC,,,,good,active,,
UVM-4316,2023-11-11,EC,,,,good,active,,
UVM-2854,2023-11-11,EC,,,,good,active,,
UVM-1699,2023-11-11,EC,,,,good,active,,
UVM-4317,2023-11-11,EC,,,,good,active,,
UVM-4318,2023-11-11,EC,,,,good,active,,
UVM-4319,2023-11-11,EC,,,,good,active,,
UVM-4320,2023-11-11,EC,,,,good,active,,
UVM-4321,2023-11-11,EC,,,,good,active,,
UVM-4322,2023-11-11,EC,,,,good,active,,
UVM-4323,2023-11-11,EC,,,,good,active,,
UVM-4324,2023-11-11,EC,,,,good,active,,
UVM-1691,2023-11-11,EC,,,,good,active,,
UVM-1690,2023-11-11,EC,,,,good,active,,
UVM-2853,2023-11-11,EC,,,,good,active,,
UVM-2852,2023-11-11,EC,,,,good,active,,
UVM-1684,2023-11-11,EC,,,,good,active,,
UVM-1687,2023-11-11,EC,,,,good,active,,
UVM-2851,2023-11-11,EC,,,,good,active,,
UVM-4325,2023-11-11,EC,,,,good,active,,
UVM-4326,2023-11-11,EC,,,,good,active,,
UVM-1682,2023-11-11,EC,,,,good,active,,
UVM-2850,2023-11-11,EC,,,,good,active,,
UVM-3849,2023-11-11,EC,,,,good,active,,
UVM-1679,2023-11-11,EC,,,,good,active,,
UVM-4327,2023-11-11,EC,,,,good,active,,
UVM-4328,2023-11-11,EC,,,,good,active,,
UVM-4329,2023-11-11,EC,,,,good,active,,
UVM-1678,2023-11-11,EC,,,,good,active,,
UVM-4330,2023-11-11,EC,,,,good,active,,
UVM-1743,2023-12-16,EC,,,,good,active,,
UVM-1742,2023-12-16,EC,,,,good,active,,
UVM-1744,2023-12-16,EC,,,,good,active,,
UVM-1745,2023-12-16,EC,,,,good,active,,
UVM-1741,2023-12-16,EC,,,,good,active,,
UVM-2872,2023-12-16,EC,,,,good,active,,
UVM-1739,2023-12-16,EC,,,,good,active,,
UVM-1738,2023-12-16,EC,,,,good,active,,
UVM-1737,2023-12-16,EC,,,,good,active,,
UVM-2874,2023-12-16,EC,,,,good,active,,
UVM-2873,2023-12-16,EC,,,,good,active,,
UVM-1746,2023-12-16,EC,,,,good,active,,
UVM-1735,2023-12-16,EC,,,,good,active,,
UVM-4331,2023-12-16,EC,,,,good,active,,
UVM-1733,2023-12-16,EC,,,,good,active,,
UVM-1732,2023-12-16,EC,,,,good,active,,
UVM-1731,2023-12-16,EC,,,,good,active,,
UVM-1730,2023-12-16,EC,,,,good,active,,
UVM-4332,2023-12-16,EC,,,,good,active,,
UVM-4333,2023-12-16,EC,,,,good,active,,
UVM-1727,2023-12-16,EC,,,,good,active,,
UVM-1726,2023-12-16,EC,,,,good,active,,
UVM-1736,2023-12-16,EC,,,,good,active,,
UVM-4334,2023-12-16,EC,,,,good,active,,
UVM-1725,2023-12-16,EC,,,,good,active,,
UVM-1724,2023-12-16,EC,,,,good,active,,
UVM-1723,2023-12-16,EC,,,,good,active,,
UVM-2871,2023-12-16,EC,,,,good,active,,
UVM-2870,2023-12-16,EC,,,,good,active,,
UVM-1720,2023-12-16,EC,,,,good,active,,
UVM-1719,2023-12-16,EC,,,,good,active,,
UVM-4335,2023-12-16,EC,,,,good,active,,
UVM-4336,2023-12-16,EC,,,,good,active,,
UVM-4337,2023-12-16,EC,,,,good,active,,
UVM-4338,2023-12-16,EC,,,,good,active,,
UVM-4339,2023-12-16,EC,,,,good,active,,
UVM-4340,2023-12-16,EC,,,,good,active,,
UVM-4341,2023-12-16,EC,,,,good,active,,
UVM-4342,2023-12-16,EC,,,,good,active,,
UVM-1401,2023-12-16,EC,,,,good,active,,
UVM-3302,2023-12-16,EC,,,,good,active,,
UVM-1406,2023-12-16,EC,,,,good,active,,
UVM-1407,2023-12-16,EC,,,,good,active,,
UVM-1412,2023-12-16,EC,,,,poor,active,,
UVM-1411,2023-12-16,EC,,,,good,active,,
UVM-1408,2023-12-16,EC,,,,good,active,,
UVM-1409,2023-12-16,EC,,,,good,active,,
UVM-4343,2023-12-16,EC,,,,poor,active,,
UVM-3301,2023-12-16,EC,,,,good,active,,
UVM-1413,2023-12-16,EC,,,,good,active,,
UVM-2166,2023-12-16,EC,,,,good,active,,
UVM-2167,2023-12-16,EC,,,,good,active,,
UVM-2168,2023-12-16,EC,,,,good,active,,
UVM-2169,2023-12-16,EC,,,,good,active,,
UVM-2170,2023-12-16,EC,,,,good,active,,
UVM-2171,2023-12-16,EC,,,,good,active,,
UVM-2172,2023-12-16,EC,,,,good,active,,
UVM-2173,2023-12-16,EC,,,,good,active,,
UVM-2174,2023-12-16,EC,,,,good,active,,
UVM-2182,2023-12-16,EC,,,,good,active,,
UVM-2181,2023-12-16,EC,,,,good,active,,
UVM-2179,2023-12-16,EC,,,,good,active,,
UVM-2180,2023-12-16,EC,,,,good,active,,
UVM-2178,2023-12-16,EC,,,,good,active,,
UVM-2175,2023-12-16,EC,,,,good,active,,
UVM-2176,2023-12-16,EC,,,,good,active,,
UVM-2177,2023-12-16,EC,,,,good,active,,
UVM-1414,2023-12-16,EC,,,,good,active,,
UVM-4344,2023-12-16,EC,,,,good,active,,
UVM-1416,2023-12-16,EC,,,,good,active,,
UVM-1415,2023-12-16,EC,,,,good,active,,
UVM-3320,2023-12-16,EC,,,,good,active,,
UVM-1418,2023-12-16,EC,,,,good,active,,
UVM-4345,2023-12-16,EC,,,,good,active,,
UVM-1421,2023-12-16,EC,,,,good,active,,
UVM-1422,2023-12-16,EC,,,,good,active,,
UVM-3321,2023-12-17,EC,,,,good,active,,
UVM-3322,2023-12-17,EC,,,,good,active,,
UVM-1425,2023-12-17,EC,,,,good,active,,
UVM-1426,2023-12-17,EC,,,,good,active,,
UVM-1427,2023-12-17,EC,,,,good,active,,
UVM-3337,2023-12-17,EC,,,,good,active,,
UVM-1432,2023-12-17,EC,,,,good,active,,
UVM-1433,2023-12-17,EC,,,,good,active,,
UVM-1436,2023-12-17,EC,,,,good,active,,
UVM-1435,2023-12-17,EC,,,,good,active,,
UVM-1434,2023-12-17,EC,,,,fair,active,,
UVM-1440,2023-12-17,EC,,,,good,active,,
UVM-4346,2023-12-17,EC,,,,good,active,,
UVM-4347,2023-12-17,EC,,,,good,active,,
UVM-1445,2023-12-17,EC,,,,good,active,,
UVM-3336,2023-12-17,EC,,,,good,active,,
UVM-1446,2023-12-17,EC,,,,good,active,,
UVM-1447,2023-12-17,EC,,,,good,active,,
UVM-1448,2023-12-17,EC,,,,good,active,,
UVM-4348,2023-12-17,EC,,,,good,active,,
UVM-4349,2023-12-17,EC,,,,good,active,,
UVM-1449,2023-12-17,EC,,,,good,active,,
UVM-4350,2023-12-17,EC,,,,good,active,,
UVM-1403,2023-12-17,EC,,,,good,active,,
UVM-1404,2023-12-17,EC,,,,good,active,,
UVM-4351,2023-12-17,EC,,,,good,active,,
UVM-3356,2023-12-17,EC,,,,good,active,,
UVM-3355,2023-12-17,EC,,,,good,active,,
UVM-3354,2023-12-17,EC,,,,good,active,,
UVM-1496,2023-12-17,EC,,,,good,active,,
UVM-1497,2023-12-17,EC,,,,good,active,,
UVM-1498,2023-12-17,EC,,,,good,active,,
UVM-4352,2023-12-17,EC,,,,good,active,,
UVM-2302,2023-12-17,EC,,,,good,active,,
UVM-2303,2023-12-17,EC,,,,good,active,,
UVM-2211,2023-12-19,EC,,,,good,active,,
UVM-2210,2023-12-19,EC,,,,good,active,,
UVM-2209,2023-12-19,EC,,,,good,active,,
UVM-2208,2023-12-19,EC,,,,good,active,,
UVM-2207,2023-12-19,EC,,,,poor,active,,
UVM-2206,2023-12-19,EC,,,,good,active,,
UVM-2205,2023-12-19,EC,,,,good,active,,
UVM-2204,2023-12-19,EC,,,,good,active,,
UVM-2203,2023-12-19,EC,,,,good,active,,
UVM-2202,2023-12-19,EC,,,,good,active,,
UVM-2201,2023-12-19,EC,,,,good,active,,
UVM-2200,2023-12-19,EC,,,,good,active,,
UVM-2199,2023-12-19,EC,,,,good,active,,
UVM-2198,2023-12-19,EC,,,,good,active,,
UVM-2297,2023-12-19,EC,,,,good,active,,
UVM-2296,2023-12-19,EC,,,,good,active,,
UVM-2195,2023-12-19,EC,,,,good,active,,
UVM-2428,2023-12-19,EC,,,,good,active,,
UVM-2429,2023-12-19,EC,,,,good,active,,
UVM-2426,2023-12-19,EC,,,,good,active,,
UVM-4353,2023-12-19,EC,,,,good,active,,"TAG UNCERTAIN: recorded as ""2427 or 2387"" — check in person"
UVM-2191,2023-12-19,EC,,,,good,active,,
UVM-2192,2023-12-19,EC,,,,good,active,,
UVM-2193,2023-12-19,EC,,,,good,active,,
UVM-2194,2023-12-19,EC,,,,good,active,,
UVM-2131,2023-12-19,EC,,,,good,active,,
UVM-2130,2023-12-19,EC,,,,good,active,,
UVM-2129,2023-12-19,EC,,,,good,active,,
UVM-3312,2023-12-19,EC,,,,good,active,,
UVM-3313,2023-12-19,EC,,,,good,active,,
UVM-2190,2023-12-19,EC,,,,good,active,,
UVM-2189,2023-12-19,EC,,,,good,active,,
UVM-2188,2023-12-19,EC,,,,good,active,,
UVM-2187,2023-12-19,EC,,,,good,active,,
UVM-2186,2023-12-19,EC,,,,good,active,,
UVM-2185,2023-12-19,EC,,,,good,active,,
UVM-2184,2023-12-19,EC,,,,good,active,,
UVM-2132,2023-12-19,EC,,,,good,active,,
UVM-3311,2023-12-19,EC,,,,good,active,,
UVM-2134,2023-12-19,EC,,,,good,active,,
UVM-2135,2023-12-19,EC,,,,good,active,,
UVM-3310,2023-12-19,EC,,,,good,active,,
UVM-2141,2023-12-19,EC,,,,good,active,,
UVM-2142,2023-12-19,EC,,,,good,active,,
UVM-4354,2023-12-19,EC,,,,good,active,,
UVM-4355,2023-12-19,EC,,,,good,active,,
UVM-4356,2023-12-19,EC,,,,good,active,,
UVM-4357,2023-12-19,EC,,,,good,active,,
UVM-4358,2023-12-19,EC,,,,good,active,,
UVM-4359,2023-12-19,EC,,,,good,active,,
UVM-4360,2023-12-19,EC,,,,good,active,,
UVM-4361,2023-12-19,EC,,,,good,active,,
UVM-4362,2023-12-19,EC,,,,good,active,,
UVM-4363,2023-12-19,EC,,,,good,active,,
UVM-4364,2023-12-19,EC,,,,good,active,,
UVM-4365,2023-12-19,EC,,,,good,active,,
UVM-2140,2023-12-19,EC,,,,good,active,,
UVM-3308,2023-12-19,EC,,,,good,active,,
UVM-2138,2023-12-19,EC,,,,good,active,,
UVM-2137,2023-12-19,EC,,,,good,active,,
UVM-3309,2023-12-19,EC,,,,good,active,,
UVM-4366,2023-12-19,EC,,,,good,active,,
UVM-4367,2023-12-19,EC,,,,good,active,,
UVM-4368,2023-12-19,EC,,,,good,active,,
UVM-4369,2023-12-19,EC,,,,good,active,,
UVM-4370,2023-12-19,EC,,,,good,active,,
UVM-4371,2023-12-19,EC,,,,good,active,,
UVM-3307,2023-12-19,EC,,,,good,active,,
UVM-4372,2023-12-19,EC,,,,good,active,,
UVM-4373,2023-12-19,EC,,,,good,active,,
UVM-2144,2023-12-19,EC,,,,good,active,,
UVM-2145,2023-12-19,EC,,,,good,active,,
UVM-2146,2023-12-19,EC,,,,good,active,,
UVM-2147,2023-12-19,EC,,,,good,active,,
UVM-2148,2023-12-19,EC,,,,good,active,,
UVM-2149,2023-12-19,EC,,,,good,active,,
UVM-2150,2023-12-19,EC,,,,good,active,,
UVM-2164,2023-12-19,EC,,,,good,active,,
UVM-2155,2023-12-19,EC,,,,good,active,,
UVM-2153,2023-12-19,EC,,,,good,active,,
UVM-2154,2023-12-19,EC,,,,good,active,,
UVM-2151,2023-12-19,EC,,,,good,active,,
UVM-2152,2023-12-19,EC,,,,good,active,,
UVM-2157,2023-12-19,EC,,,,good,active,,
UVM-3306,2023-12-19,EC,,,,good,active,,
UVM-3305,2023-12-19,EC,,,,good,active,,
UVM-3304,2023-12-19,EC,,,,good,active,,
UVM-3303,2023-12-19,EC,,,,good,active,,
UVM-2161,2023-12-19,EC,,,,good,active,,
UVM-4374,2023-12-19,EC,,,,good,active,,
UVM-4375,2023-12-19,EC,,,,good,active,,
UVM-3318,2023-12-19,EC,,,,good,active,,
UVM-3319,2023-12-19,EC,,,,good,active,,
UVM-2410,2023-12-19,EC,,,,good,active,,
UVM-2413,2023-12-19,EC,,,,good,active,,
UVM-4376,2023-12-19,EC,,,,good,active,,
UVM-4377,2023-12-19,EC,,,,good,active,,
UVM-2414,2023-12-19,EC,,,,good,active,,
UVM-4378,2023-12-19,EC,,,,good,active,,
UVM-2415,2023-12-19,EC,,,,good,active,,
UVM-4379,2023-12-19,EC,,,,good,active,,
UVM-2416,2023-12-19,EC,,,,good,active,,
UVM-4380,2023-12-19,EC,,,,good,active,,
UVM-4381,2023-12-19,EC,,,,good,active,,
UVM-4382,2023-12-19,EC,,,,good,active,,
UVM-2418,2023-12-19,EC,,,,good,active,,
UVM-4383,2023-12-19,EC,,,,good,active,,
UVM-2419,2023-12-19,EC,,,,good,active,,
UVM-4384,2023-12-19,EC,,,,good,active,,
UVM-4385,2023-12-19,EC,,,,good,active,,
UVM-4386,2023-12-19,EC,,,,good,active,,
UVM-4387,2023-12-19,EC,,,,good,active,,
UVM-4388,2023-12-19,EC,,,,good,active,,
UVM-4389,2023-12-19,EC,,,,good,active,,
UVM-4390,2023-12-19,EC,,,,good,active,,
UVM-4391,2023-12-19,EC,,,,good,active,,
UVM-4392,2023-12-19,EC,,,,good,active,,
UVM-4393,2023-12-19,EC,,,,good,active,,
UVM-4394,2023-12-19,EC,,,,good,active,,
UVM-4395,2023-12-19,EC,,,,good,active,,
UVM-4396,2023-12-19,EC,,,,good,active,,
UVM-4397,2023-12-19,EC,,,,good,active,,
UVM-4398,2023-12-19,EC,,,,good,active,,
UVM-4399,2023-12-19,EC,,,,good,active,,
UVM-4400,2023-12-19,EC,,,,good,active,,
UVM-2407,2023-12-19,EC,,,,good,active,,
UVM-4401,2023-12-19,EC,,,,good,active,,
UVM-2399,2023-12-19,EC,,,,good,active,,
UVM-2400,2023-12-19,EC,,,,fair,active,,
UVM-4402,2023-12-19,EC,,,,good,active,,
UVM-2398,2023-12-19,EC,,,,good,active,,
UVM-2406,2023-12-19,EC,,,,good,active,,
UVM-3317,2023-12-19,EC,,,,good,active,,
UVM-2404,2023-12-19,EC,,,,good,active,,
UVM-4403,2023-12-19,EC,,,,good,active,,
UVM-4404,2023-12-19,EC,,,,good,active,,
UVM-2403,2023-12-19,EC,,,,good,active,,
UVM-3316,2023-12-19,EC,,,,good,active,,
UVM-2401,2023-12-19,EC,,,,good,active,,
UVM-2397,2023-12-19,EC,,,,good,active,,
UVM-2396,2023-12-19,EC,,,,good,active,,
UVM-4405,2023-12-19,EC,,,,good,active,,
UVM-4406,2024-01-04,EC,,,,good,active,,
UVM-4407,2024-01-04,EC,,,,good,active,,
UVM-4408,2024-01-04,EC,,,,good,active,,
UVM-2394,2024-01-04,EC,,,,good,active,,
UVM-2393,2024-01-04,EC,,,,good,active,,
UVM-4409,2024-01-04,EC,,,,good,active,,
UVM-2435,2024-01-04,EC,,,,good,active,,
UVM-2434,2024-01-04,EC,,,,good,active,,
UVM-2433,2024-01-04,EC,,,,good,active,,
UVM-4410,2024-01-04,EC,,,,good,active,,
UVM-4411,2024-01-04,EC,,,,good,active,,
UVM-4412,2024-01-04,EC,,,,good,active,,
UVM-3314,2024-01-04,EC,,,,good,active,,
UVM-2431,2024-01-04,EC,,,,good,active,,
UVM-2430,2024-01-04,EC,,,,good,active,,
UVM-2375,2024-01-04,EC,,,,good,active,,
UVM-4413,2024-01-04,EC,,,,good,active,,
UVM-2370,2024-01-04,EC,,,,good,active,,
UVM-2371,2024-01-04,EC,,,,good,active,,
UVM-2372,2024-01-04,EC,,,,good,active,,
UVM-3330,2024-01-04,EC,,,,good,active,,
UVM-2381,2024-01-04,EC,,,,good,active,,
UVM-2382,2024-01-04,EC,,,,good,active,,
UVM-3331,2024-01-04,EC,,,,good,active,,
UVM-3329,2024-01-04,EC,,,,good,active,,
UVM-3328,2024-01-04,EC,,,,good,active,,
UVM-4414,2024-01-04,EC,,,,good,active,,
UVM-3327,2024-01-04,EC,,,,good,active,,
UVM-2365,2024-01-04,EC,,,,good,active,,
UVM-3326,2024-01-04,EC,,,,good,active,,
UVM-3325,2024-01-04,EC,,,,good,active,,
UVM-3324,2024-01-04,EC,,,,good,active,,
UVM-3323,2024-01-04,EC,,,,good,active,,
UVM-3335,2024-01-04,EC,,,,good,active,,
UVM-3338,2024-01-04,EC,,,,good,active,,
UVM-1493,2024-01-04,EC,,,,good,active,,
UVM-1492,2024-01-04,EC,,,,good,active,,
UVM-1491,2024-01-04,EC,,,,good,active,,
UVM-1490,2024-01-04,EC,,,,good,active,,
UVM-1495,2024-01-04,EC,,,,good,active,,
UVM-1489,2024-01-04,EC,,,,good,active,,
UVM-4415,2024-01-04,EC,,,,good,active,,
UVM-1488,2024-01-04,EC,,,,good,active,,
UVM-2359,2024-01-04,EC,,,,good,active,,
UVM-3334,2024-01-04,EC,,,,good,active,,
UVM-2357,2024-01-04,EC,,,,good,active,,
UVM-1487,2024-01-04,EC,,,,good,active,,
UVM-1486,2024-01-04,EC,,,,good,active,,
UVM-1485,2024-01-04,EC,,,,good,active,,
UVM-4416,2024-01-04,EC,,,,good,active,,
UVM-1484,2024-01-04,EC,,,,good,active,,
UVM-4417,2024-01-04,EC,,,,good,active,,
UVM-1483,2024-01-04,EC,,,,good,active,,
UVM-4418,2024-01-04,EC,,,,good,active,,
UVM-4419,2024-01-04,EC,,,,good,active,,
UVM-4420,2024-01-04,EC,,,,good,active,,
UVM-1482,2024-01-04,EC,,,,good,active,,
UVM-1481,2024-01-04,EC,,,,good,active,,
UVM-4421,2024-01-04,EC,,,,good,active,,
UVM-1480,2024-01-04,EC,,,,good,active,,
UVM-1479,2024-01-04,EC,,,,good,active,,
UVM-4422,2024-01-04,EC,,,,good,active,,
UVM-4423,2024-01-04,EC,,,,good,active,,
UVM-1477,2024-01-04,EC,,,,good,active,,
UVM-4424,2024-01-04,EC,,,,good,active,,
UVM-4425,2024-01-04,EC,,,,good,active,,
UVM-4426,2024-01-04,EC,,,,good,active,,
UVM-4427,2024-01-04,EC,,,,good,active,,
UVM-3351,2024-01-04,EC,,,,good,active,,
UVM-4428,2024-01-04,EC,,,,good,active,,
UVM-4429,2024-01-04,EC,,,,good,active,,
UVM-4430,2024-01-04,EC,,,,good,active,,
UVM-4431,2024-01-04,EC,,,,good,active,,
UVM-4432,2024-01-04,EC,,,,good,active,,
UVM-3350,2024-01-04,EC,,,,good,active,,
UVM-4433,2024-01-04,EC,,,,good,active,,
UVM-3352,2024-01-04,EC,,,,good,active,,
UVM-1471,2024-01-04,EC,,,,good,active,,
UVM-4434,2024-01-04,EC,,,,good,active,,
UVM-1469,2024-01-04,EC,,,,good,active,,
UVM-4435,2024-01-04,EC,,,,good,active,,
UVM-4436,2024-01-04,EC,,,,good,active,,
UVM-1474,2024-01-04,EC,,,,good,active,,
UVM-1475,2024-01-04,EC,,,,good,active,,
UVM-4437,2024-01-04,EC,,,,good,active,,
UVM-4438,2024-01-04,EC,,,,good,active,,
UVM-1468,2024-01-04,EC,,,,good,active,,
UVM-1467,2024-01-04,EC,,,,good,active,,
UVM-3353,2024-01-04,EC,,,,good,active,,
UVM-4439,2024-01-04,EC,,,,good,active,,
UVM-1465,2024-01-04,EC,,,,good,active,,
UVM-1466,2024-01-04,EC,,,,good,active,,
UVM-1461,2024-01-04,EC,,,,good,active,,
UVM-1460,2024-01-04,EC,,,,good,active,,
UVM-4440,2024-01-04,EC,,,,good,active,,
UVM-1458,2024-01-04,EC,,,,good,active,,
UVM-1456,2024-01-04,EC,,,,good,active,,
UVM-1455,2024-01-04,EC,,,,good,active,,
UVM-1454,2024-01-04,EC,,,,good,active,,
UVM-1453,2024-01-04,EC,,,,good,active,,
UVM-2304,2024-01-04,EC,,,,good,active,,
UVM-2305,2024-01-04,EC,,,,good,active,,
UVM-2313,2024-01-04,EC,,,,good,active,,
UVM-2314,2024-01-04,EC,,,,good,active,,
UVM-2315,2024-01-04,EC,,,,good,active,,
UVM-2316,2024-01-04,EC,,,,good,active,,
UVM-2310,2024-01-04,EC,,,,good,active,,
UVM-2311,2024-01-04,EC,,,,good,active,,
UVM-2312,2024-01-04,EC,,,,good,active,,
UVM-4441,2024-01-04,EC,,,,good,active,,
UVM-4442,2024-01-04,EC,,,,good,active,,
UVM-4443,2024-01-04,EC,,,,good,active,,
UVM-4444,2024-01-04,EC,,,,good,active,,
UVM-4445,2024-01-04,EC,,,,good,active,,
UVM-4446,2024-01-04,EC,,,,good,active,,
UVM-4447,2024-01-04,EC,,,,good,active,,
UVM-4448,2024-01-04,EC,,,,good,active,,
UVM-2309,2024-01-04,EC,,,,good,active,,
UVM-4449,2024-01-04,EC,,,,good,active,,
UVM-4450,2024-01-04,EC,,,,good,active,,
UVM-3339,2024-01-04,EC,,,,good,active,,
UVM-2386,2024-01-04,EC,,,,good,active,,
UVM-2385,2024-01-04,EC,,,,good,active,,
UVM-2384,2024-01-04,EC,,,,good,active,,
UVM-3340,2024-01-04,EC,,,,good,active,,
UVM-3341,2024-01-04,EC,,,,good,active,,
UVM-4451,2024-01-04,EC,,,,good,active,,
UVM-4452,2024-01-04,EC,,,,good,active,,
UVM-4453,2024-01-04,EC,,,,good,active,,
UVM-4454,2024-01-04,EC,,,,good,active,,
UVM-4455,2024-01-04,EC,,,,good,active,,
UVM-4456,2024-01-04,EC,,,,good,active,,
UVM-4457,2024-01-04,EC,,,,good,active,,
UVM-4458,2024-01-04,EC,,,,good,active,,
UVM-4459,2024-01-04,EC,,,,good,active,,
UVM-2352,2024-01-04,EC,,,,good,active,,
UVM-2353,2024-01-04,EC,,,,good,active,,
UVM-2351,2024-01-04,EC,,,,good,active,,
UVM-3332,2024-01-04,EC,,,,good,active,,
UVM-2379,2024-01-04,EC,,,,good,active,,
UVM-3333,2024-01-04,EC,,,,good,active,,
UVM-2377,2024-01-04,EC,,,,good,active,,
UVM-2376,2024-01-04,EC,,,,good,active,,
UVM-2320,2024-01-06,EC,,,,good,active,,
UVM-2321,2024-01-06,EC,,,,good,active,,
UVM-2322,2024-01-06,EC,,,,good,active,,
UVM-1294,2024-01-06,EC,,,,good,active,,
UVM-1293,2024-01-06,EC,,,,good,active,,
UVM-4460,2024-01-06,EC,,,,good,active,,
UVM-1300,2024-01-06,EC,,,,good,active,,
UVM-2387,2024-01-06,EC,,,,good,active,,
UVM-2388,2024-01-06,EC,,,,good,active,,
UVM-2323,2024-01-06,EC,,,,good,active,,
UVM-2324,2024-01-06,EC,,,,good,active,,
UVM-2325,2024-01-06,EC,,,,good,active,,
UVM-2326,2024-01-06,EC,,,,good,active,,
UVM-4461,2024-01-06,EC,,,,good,active,,
UVM-2327,2024-01-06,EC,,,,good,active,,
UVM-2328,2024-01-06,EC,,,,good,active,,
UVM-2329,2024-01-06,EC,,,,good,active,,
UVM-4462,2024-01-06,EC,,,,good,active,,
UVM-2331,2024-01-06,EC,,,,good,active,,
UVM-2330,2024-01-06,EC,,,,good,active,,
UVM-2335,2024-01-06,EC,,,,good,active,,
UVM-4463,2024-01-06,EC,,,,good,active,,
UVM-4464,2024-01-06,EC,,,,good,active,,
UVM-3349,2024-01-06,EC,,,,good,active,,
UVM-3348,2024-01-06,EC,,,,good,active,,
UVM-2338,2024-01-06,EC,,,,good,active,,
UVM-4465,2024-01-06,EC,,,,good,active,,
UVM-4466,2024-01-06,EC,,,,good,active,,
UVM-3347,2024-01-06,EC,,,,good,active,,
UVM-3345,2024-01-06,EC,,,,good,active,,
UVM-2340,2024-01-06,EC,,,,,active,,
UVM-3346,2024-01-06,EC,,,,good,active,,
UVM-2342,2024-01-06,EC,,,,good,active,,
UVM-4467,2024-01-06,EC,,,,good,active,,
UVM-2343,2024-01-06,EC,,,,good,active,,
UVM-4468,2024-01-06,EC,,,,good,active,,
UVM-2344,2024-01-06,EC,,,,good,active,,
UVM-3342,2024-01-06,EC,,,,good,active,,
UVM-3343,2024-01-06,EC,,,,good,active,,
UVM-3344,2024-01-06,EC,,,,good,active,,
UVM-2349,2024-01-06,EC,,,,good,active,,
UVM-2350,2024-01-06,EC,,,,good,active,,
UVM-2391,2024-01-06,EC,,,,good,active,,
UVM-2390,2024-01-06,EC,,,,good,active,,
UVM-2389,2024-01-06,EC,,,,good,active,,
UVM-2230,2024-01-06,EC,,,,good,active,,
UVM-2237,2024-01-06,EC,,,,good,active,,
UVM-2258,2024-01-06,EC,,,,good,active,,
UVM-1800,2024-01-06,EC,,,,good,active,,
UVM-1799,2024-01-06,EC,,,,good,active,,
UVM-4469,2024-01-06,EC,,,,good,active,,
UVM-1797,2024-01-06,EC,,,,good,active,,
UVM-1798,2024-01-06,EC,,,,good,active,,
UVM-4470,2024-01-06,EC,,,,good,active,,
UVM-4471,2024-01-06,EC,,,,good,active,,
UVM-1793,2024-01-06,EC,,,,good,active,,
UVM-1791,2024-01-06,EC,,,,good,active,,
UVM-1792,2024-01-06,EC,,,,good,active,,
UVM-1790,2024-01-06,EC,,,,good,active,,
UVM-1789,2024-01-06,EC,,,,good,active,,
UVM-4472,2024-01-06,EC,,,,good,active,,
UVM-4473,2024-01-06,EC,,,,good,active,,
UVM-1786,2024-01-06,EC,,,,good,active,,
UVM-4474,2024-01-06,EC,,,,good,active,,
UVM-4475,2024-01-06,EC,,,,good,active,,
UVM-4476,2024-01-06,EC,,,,good,active,,
UVM-1784,2024-01-06,EC,,,,good,active,,
UVM-1783,2024-01-06,EC,,,,good,active,,
UVM-1782,2024-01-06,EC,,,,good,active,,
UVM-1781,2024-01-06,EC,,,,good,active,,
UVM-1780,2024-01-06,EC,,,,good,active,,
UVM-1756,2024-01-06,EC,,,,good,active,,
UVM-1755,2024-01-06,EC,,,,good,active,,
UVM-2879,2024-01-06,EC,,,,good,active,,
UVM-4477,2024-01-06,EC,,,,good,active,,
UVM-1753,2024-01-06,EC,,,,good,active,,
UVM-2878,2024-01-06,EC,,,,good,active,,
UVM-1752,2024-01-06,EC,,,,good,active,,
UVM-4478,2024-01-06,EC,,,,good,active,,
UVM-2877,2024-01-06,EC,,,,good,active,,
UVM-2876,2024-01-06,EC,,,,good,active,,
UVM-2875,2024-01-06,EC,,,,good,active,,
UVM-2225,2024-01-09,EC,,,,good,active,,
UVM-2226,2024-01-09,EC,,,,good,active,,
UVM-2227,2024-01-09,EC,,,,good,active,,
UVM-3315,2024-01-09,EC,,,,good,active,,
UVM-2232,2024-01-09,EC,,,,good,active,,
UVM-2235,2024-01-09,EC,,,,good,active,,
UVM-2236,2024-01-09,EC,,,,good,active,,
UVM-4479,2024-01-09,EC,,,,good,active,,
UVM-4480,2024-01-09,EC,,,,good,active,,
UVM-1843,2024-01-09,EC,,,,good,active,,
UVM-1815,2024-01-09,EC,,,,good,active,,
UVM-1803,2024-01-09,EC,,,,good,active,,
UVM-1804,2024-01-09,EC,,,,good,active,,
UVM-1805,2024-01-09,EC,,,,good,active,,
UVM-1807,2024-01-09,EC,,,,good,active,,
UVM-1808,2024-01-09,EC,,,,good,active,,
UVM-4481,2024-01-09,EC,,,,good,active,,
UVM-4482,2024-01-09,EC,,,,good,active,,
UVM-1809,2024-01-09,EC,,,,good,active,,
UVM-1810,2024-01-09,EC,,,,good,active,,
UVM-4483,2024-01-09,EC,,,,good,active,,
UVM-1762,2024-01-09,EC,,,,good,active,,
UVM-1767,2024-01-09,EC,,,,good,active,,
UVM-2884,2024-01-09,EC,,,,good,active,,
UVM-2885,2024-01-09,EC,,,,good,active,,
UVM-4484,2024-01-09,EC,,,,good,active,,
UVM-1761,2024-01-09,EC,,,,good,active,,
UVM-1776,2024-01-09,EC,,,,good,active,,
UVM-1768,2024-01-09,EC,,,,good,active,,
UVM-1769,2024-01-09,EC,,,,good,active,,
UVM-1770,2024-01-09,EC,,,,good,active,,
UVM-2883,2024-01-09,EC,,,,good,active,,
UVM-1777,2024-01-09,EC,,,,good,active,,
UVM-2882,2024-01-09,EC,,,,good,active,,
UVM-1779,2024-01-09,EC,,,,good,active,,
UVM-2881,2024-01-09,EC,,,,good,active,,
UVM-1759,2024-01-09,EC,,,,good,active,,
UVM-2880,2024-01-09,EC,,,,good,active,,
UVM-4485,2024-01-09,EC,,,,good,active,,
UVM-4486,2024-01-09,EC,,,,good,active,,
UVM-1932,2024-01-09,EC,,,,good,active,,
UVM-1933,2024-01-09,EC,,,,good,active,,
UVM-1931,2024-01-09,EC,,,,good,active,,
UVM-4487,2024-01-09,EC,,,,good,active,,
UVM-4488,2024-01-09,EC,,,,good,active,,
UVM-4489,2024-01-09,EC,,,,good,active,,
UVM-4490,2024-01-09,EC,,,,good,active,,
UVM-4491,2024-01-09,EC,,,,good,active,,
UVM-4492,2024-01-09,EC,,,,good,active,,
UVM-1918,2024-01-09,EC,,,,good,active,,
UVM-1919,2024-01-09,EC,,,,good,active,,
UVM-1920,2024-01-09,EC,,,,good,active,,
UVM-1921,2024-01-09,EC,,,,good,active,,
UVM-4493,2024-01-09,EC,,,,good,active,,
UVM-1936,2024-01-09,EC,,,,good,active,,
UVM-4494,2024-01-09,EC,,,,good,active,,
UVM-4495,2024-01-09,EC,,,,good,active,,
UVM-4496,2024-01-09,EC,,,,good,active,,
UVM-4497,2024-01-09,EC,,,,good,active,,
UVM-4498,2024-01-09,EC,,,,good,active,,
UVM-4499,2024-01-09,EC,,,,good,active,,
UVM-1903,2024-01-09,EC,,,,good,active,,
UVM-1902,2024-01-09,EC,,,,good,active,,
UVM-4500,2024-01-09,EC,,,,good,active,,
UVM-4501,2024-01-09,EC,,,,good,active,,
UVM-4502,2024-01-09,EC,,,,good,active,,
UVM-4503,2024-01-09,EC,,,,good,active,,
UVM-4504,2024-01-09,EC,,,,good,active,,
UVM-4505,2024-01-09,EC,,,,good,active,,
UVM-4506,2024-01-09,EC,,,,good,active,,
UVM-4507,2024-01-09,EC,,,,good,active,,
UVM-4508,2024-01-09,EC,,,,good,active,,
UVM-4509,2024-01-09,EC,,,,good,active,,
UVM-4510,2024-01-09,EC,,,,good,active,,
UVM-2002,2024-01-09,EC,,,,good,active,,
UVM-2003,2024-01-09,EC,,,,good,active,,
UVM-2004,2024-01-09,EC,,,,good,active,,
UVM-4511,2024-01-09,EC,,,,good,active,,
UVM-4512,2024-01-09,EC,,,,good,active,,
UVM-4513,2024-01-09,EC,,,,good,active,,
UVM-2005,2024-01-09,EC,,,,good,active,,
UVM-2006,2024-01-09,EC,,,,good,active,,
UVM-2008,2024-01-09,EC,,,,good,active,,
UVM-2009,2024-01-09,EC,,,,good,active,,
UVM-4514,2024-01-09,EC,,,,good,active,,
UVM-4515,2024-01-09,EC,,,,good,active,,
UVM-2011,2024-01-09,EC,,,,good,active,,
UVM-4516,2024-01-09,EC,,,,good,active,,
UVM-4517,2024-01-09,EC,,,,good,active,,
UVM-4518,2024-01-09,EC,,,,good,active,,
UVM-4519,2024-01-09,EC,,,,good,active,,
UVM-4520,2024-01-09,EC,,,,good,active,,
UVM-4521,2024-01-09,EC,,,,good,active,,
UVM-4522,2024-01-09,EC,,,,good,active,,
UVM-4523,2024-01-09,EC,,,,good,active,,
UVM-2016,2024-01-09,EC,,,,good,active,,
UVM-2034,2024-01-09,EC,,,,good,active,,
UVM-2033,2024-01-09,EC,,,,good,active,,
UVM-2018,2024-01-09,EC,,,,good,active,,
UVM-4524,2024-01-09,EC,,,,good,active,,
UVM-4525,2024-01-09,EC,,,,good,active,,
UVM-2021,2024-01-09,EC,,,,good,active,,
UVM-2022,2024-01-09,EC,,,,good,active,,
UVM-2023,2024-01-09,EC,,,,good,active,,
UVM-4526,2024-01-09,EC,,,,good,active,,
UVM-4527,2024-01-09,EC,,,,good,active,,
UVM-4528,2024-01-09,EC,,,,good,active,,
UVM-4529,2024-01-09,EC,,,,good,active,,
UVM-4530,2024-01-09,EC,,,,good,active,,
UVM-4531,2024-01-09,EC,,,,good,active,,
UVM-4532,2024-01-09,EC,,,,good,active,,
UVM-4533,2024-01-09,EC,,,,good,active,,
UVM-4534,2024-01-09,EC,,,,good,active,,
UVM-4535,2024-01-09,EC,,,,good,active,,
UVM-4536,2024-01-09,EC,,,,good,active,,
UVM-4537,2024-01-09,EC,,,,good,active,,
UVM-4538,2024-01-09,EC,,,,good,active,,
UVM-4539,2024-01-09,EC,,,,good,active,,
UVM-4540,2024-01-09,EC,,,,good,active,,
UVM-1899,2024-01-09,EC,,,,good,active,,
UVM-1898,2024-01-09,EC,,,,good,active,,
UVM-1896,2024-01-09,EC,,,,good,active,,
UVM-1895,2024-01-09,EC,,,,good,active,,
UVM-1893,2024-01-09,EC,,,,good,active,,
UVM-4541,2024-01-09,EC,,,,good,active,,
UVM-4542,2024-01-27,EC,,,,good,active,,
UVM-2242,2024-02-17,EC,,,,good,active,,
UVM-2243,2024-02-17,EC,,,,good,active,,
UVM-4543,2024-02-17,EC,,,,good,active,,
UVM-4544,2024-02-17,EC,,,,good,active,,
UVM-4545,2024-02-17,EC,,,,good,active,,
UVM-4546,2024-02-17,EC,,,,good,active,,
UVM-4547,2024-02-17,EC,,,,good,active,,
UVM-4548,2024-02-17,EC,,,,good,active,,
UVM-4549,2024-02-17,EC,,,,good,active,,
UVM-4550,2024-02-17,EC,,,,good,active,,
UVM-2239,2024-02-17,EC,,,,good,active,,
UVM-4551,2024-02-17,EC,,,,good,active,,
UVM-4552,2024-02-17,EC,,,,good,active,,"TAG UNCERTAIN: recorded as ""1818 or 1942"" — check in person"
UVM-1826,2024-02-17,EC,,,,good,active,,
UVM-4553,2024-02-17,EC,,,,good,active,,
UVM-1828,2024-02-17,EC,,,,good,active,,
UVM-1838,2024-02-17,EC,,,,good,active,,
UVM-4554,2024-02-17,EC,,,,good,active,,"TAG UNCERTAIN: recorded as ""1837 or 1928"" — check in person"
UVM-1927,2024-02-17,EC,,,,good,active,,
UVM-1926,2024-02-17,EC,,,,good,active,,
UVM-1835,2024-02-17,EC,,,,good,active,,
UVM-4555,2024-02-17,EC,,,,good,active,,"TAG UNCERTAIN: recorded as ""1833 or 1922"" — check in person"
UVM-4556,2024-02-17,EC,,,,good,active,,
UVM-1831,2024-02-17,EC,,,,good,active,,
UVM-4557,2024-02-17,EC,,,,good,active,,"TAG UNCERTAIN: recorded as ""1931 or 1830"" — check in person"
UVM-1829,2024-02-17,EC,,,,good,active,,
UVM-1839,2024-02-17,EC,,,,good,active,,
UVM-1851,2024-02-17,EC,,,,good,active,,
UVM-4558,2024-02-17,EC,,,,good,active,,
UVM-1854,2024-02-17,EC,,,,good,active,,
UVM-1856,2024-02-17,EC,,,,good,active,,
UVM-1855,2024-02-17,EC,,,,good,active,,
UVM-4559,2024-02-17,EC,,,,good,active,,
UVM-4560,2024-02-17,EC,,,,good,active,,
UVM-1850,2024-02-17,EC,,,,good,active,,
UVM-1849,2024-02-17,EC,,,,good,active,,
UVM-1848,2024-02-17,EC,,,,good,active,,
UVM-1847,2024-02-17,EC,,,,good,active,,
UVM-1846,2024-02-17,EC,,,,good,active,,
UVM-1845,2024-02-17,EC,,,,good,active,,
UVM-1844,2024-02-17,EC,,,,good,active,,
UVM-1840,2024-02-17,EC,,,,good,active,,
UVM-4561,2024-02-17,EC,,,,good,active,,
UVM-1825,2024-02-17,EC,,,,good,active,,
UVM-4562,2024-02-17,EC,,,,good,active,,
UVM-4563,2024-02-17,EC,,,,good,active,,
UVM-4564,2024-02-17,EC,,,,good,active,,
UVM-4565,2024-02-17,EC,,,,good,active,,
UVM-4566,2024-02-17,EC,,,,good,active,,
UVM-4567,2024-02-17,EC,,,,good,active,,
UVM-1860,2024-02-17,EC,,,,good,active,,
UVM-1861,2024-02-17,EC,,,,good,active,,
UVM-1859,2024-02-17,EC,,,,good,active,,
UVM-1857,2024-02-17,EC,,,,good,active,,
UVM-1868,2024-02-17,EC,,,,good,active,,
UVM-4568,2024-02-17,EC,,,,good,active,,
UVM-1870,2024-02-17,EC,,,,good,active,,
UVM-1871,2024-02-17,EC,,,,good,active,,
UVM-4569,2024-02-17,EC,,,,good,active,,
UVM-1881,2024-02-17,EC,,,,good,active,,
UVM-4570,2024-02-17,EC,,,,good,active,,
UVM-1878,2024-02-17,EC,,,,good,active,,
UVM-1882,2024-02-17,EC,,,,good,active,,
UVM-1887,2024-02-17,EC,,,,good,active,,
UVM-1886,2024-02-17,EC,,,,good,active,,
UVM-1883,2024-02-17,EC,,,,good,active,,
UVM-1884,2024-02-17,EC,,,,good,active,,
UVM-1877,2024-02-17,EC,,,,good,active,,
UVM-1874,2024-02-17,EC,,,,good,active,,
UVM-1872,2024-02-17,EC,,,,good,active,,
UVM-4571,2024-02-17,EC,,,,good,active,,"TAG UNCERTAIN: recorded as ""1888 or 1833"" — check in person"
UVM-1889,2024-02-17,EC,,,,good,active,,
UVM-1890,2024-02-17,EC,,,,good,active,,
UVM-4572,2024-02-17,EC,,,,good,active,,
UVM-4573,2024-02-17,EC,,,,good,active,,
UVM-4574,2024-02-17,EC,,,,good,active,,
UVM-4575,2024-02-17,EC,,,,good,active,,
UVM-4576,2024-02-17,EC,,,,good,active,,
UVM-4577,2024-02-17,EC,,,,good,active,,
UVM-4578,2024-02-17,EC,,,,good,active,,
UVM-4579,2024-02-17,EC,,,,good,active,,
UVM-4580,2024-02-17,EC,,,,good,active,,
UVM-0758,2024-02-22,EC,,,,good,active,,
UVM-2612,2024-03-07,EC,,,,good,active,,
UVM-4581,2024-03-26,EC,,,,good,active,,
UVM-2261,2024-03-26,EC,,,,good,active,,
UVM-2800,2024-03-26,EC,,,,good,active,,
UVM-2263,2024-03-26,EC,,,,good,active,,
UVM-2264,2024-03-26,EC,,,,good,active,,
UVM-2268,2024-03-26,EC,,,,good,active,,
UVM-2799,2024-03-26,EC,,,,good,active,,
UVM-2285,2024-03-26,EC,,,,good,active,,
UVM-2798,2024-03-26,EC,,,,good,active,,
UVM-2286,2024-03-26,EC,,,,good,active,,
UVM-2287,2024-03-26,EC,,,,good,active,,
UVM-4582,2024-03-26,EC,,,,good,active,,
UVM-4583,2024-03-26,EC,,,,good,active,,
UVM-2294,2024-03-26,EC,,,,good,active,,
UVM-2293,2024-03-26,EC,,,,good,active,,
UVM-2299,2024-03-26,EC,,,,good,active,,
UVM-2298,2024-03-26,EC,,,,good,active,,
UVM-4584,2024-03-26,EC,,,,good,active,,TAG DISPUTED: tag 2297 is also on UVM-2297 — check in person
UVM-4585,2024-03-26,EC,,,,good,active,,TAG DISPUTED: tag 2296 is also on UVM-2296 — check in person
UVM-2295,2024-03-26,EC,,,,good,active,,
UVM-2300,2024-03-26,EC,,,,good,active,,
UVM-2503,2024-03-26,EC,,,,good,active,,
UVM-4586,2024-03-26,EC,,,,good,active,,
UVM-2501,2024-03-26,EC,,,,good,active,,
UVM-2504,2024-03-26,EC,,,,good,active,,
UVM-4587,2024-03-26,EC,,,,good,active,,
UVM-4588,2024-03-26,EC,,,,good,active,,
UVM-4589,2024-03-26,EC,,,,good,active,,
UVM-4590,2024-03-26,EC,,,,good,active,,
UVM-2466,2024-03-26,EC,,,,good,active,,
UVM-2467,2024-03-26,EC,,,,good,active,,
UVM-2468,2024-03-26,EC,,,,good,active,,
UVM-2797,2024-03-26,EC,,,,good,active,,
UVM-2483,2024-03-26,EC,,,,good,active,,
UVM-2470,2024-03-26,EC,,,,good,active,,
UVM-2469,2024-03-26,EC,,,,good,active,,
UVM-2100,2024-03-26,EC,,,,good,active,,
UVM-2796,2024-03-26,EC,,,,good,active,,
UVM-2096,2024-03-26,EC,,,,good,active,,
UVM-2097,2024-03-26,EC,,,,good,active,,
UVM-2795,2024-03-26,EC,,,,good,active,,
UVM-2079,2024-03-26,EC,,,,good,active,,
UVM-2078,2024-03-26,EC,,,,good,active,,
UVM-2076,2024-03-26,EC,,,,good,active,,
UVM-2077,2024-03-26,EC,,,,good,active,,
UVM-2074,2024-03-26,EC,,,,good,active,,
UVM-2092,2024-03-26,EC,,,,good,active,,
UVM-2091,2024-03-26,EC,,,,good,active,,
UVM-2089,2024-03-26,EC,,,,good,active,,
UVM-2088,2024-03-26,EC,,,,good,active,,
UVM-4591,2024-03-26,EC,,,,good,active,,
UVM-2082,2024-03-26,EC,,,,good,active,,
UVM-4592,2024-03-26,EC,,,,good,active,,
UVM-2792,2024-03-26,EC,,,,good,active,,
UVM-1937,2024-04-05,EC,,,,good,active,,
UVM-2759,2024-04-05,EC,,,,good,active,,
UVM-2760,2024-04-05,EC,,,,good,active,,
UVM-2762,2024-04-05,EC,,,,good,active,,
UVM-2754,2024-04-05,EC,,,,good,active,,
UVM-2753,2024-04-05,EC,,,,fair,active,,
UVM-2751,2024-04-05,EC,,,,good,active,,
UVM-2752,2024-04-05,EC,,,,good,active,,
UVM-2749,2024-04-05,EC,,,,good,active,,
UVM-2748,2024-04-05,EC,,,,good,active,,
UVM-2750,2024-04-05,EC,,,,good,active,,
UVM-2767,2024-04-05,EC,,,,good,active,,
UVM-2747,2024-04-05,EC,,,,good,active,,
UVM-2757,2024-04-05,EC,,,,good,active,,
UVM-2758,2024-04-05,EC,,,,good,active,,
UVM-2746,2024-04-05,EC,,,,good,active,,
UVM-2745,2024-04-05,EC,,,,good,active,,
UVM-2756,2024-04-05,EC,,,,good,active,,
UVM-2744,2024-04-05,EC,,,,good,active,,
UVM-2755,2024-04-05,EC,,,,good,active,,
UVM-2743,2024-04-05,EC,,,,good,active,,
UVM-2742,2024-04-05,EC,,,,good,active,,
UVM-2740,2024-04-05,EC,,,,good,active,,
UVM-2739,2024-04-05,EC,,,,good,active,,
UVM-2741,2024-04-05,EC,,,,good,active,,
UVM-2785,2024-04-05,EC,,,,good,active,,
UVM-2784,2024-04-05,EC,,,,good,active,,
UVM-2773,2024-04-05,EC,,,,good,active,,
UVM-2774,2024-04-05,EC,,,,good,active,,
UVM-2783,2024-04-05,EC,,,,good,active,,
UVM-2775,2024-04-05,EC,,,,good,active,,
UVM-2778,2024-04-05,EC,,,,good,active,,
UVM-2766,2024-04-05,EC,,,,good,active,,
UVM-2765,2024-04-05,EC,,,,good,active,,
UVM-2763,2024-04-05,EC,,,,good,active,,
UVM-2776,2024-04-05,EC,,,,good,active,,
UVM-4593,2024-04-05,EC,,,,good,active,,TAG DISPUTED: tag 2764 is also on UVM-2764 — check in person
UVM-2768,2024-04-05,EC,,,,good,active,,
UVM-2779,2024-04-05,EC,,,,good,active,,
UVM-2761,2024-04-05,EC,,,,good,active,,
UVM-2680,2024-04-05,EC,,,,good,active,,
UVM-2769,2024-04-05,EC,,,,good,active,,
UVM-2770,2024-04-05,EC,,,,good,active,,
UVM-2781,2024-04-05,EC,,,,good,active,,
UVM-2782,2024-04-05,EC,,,,good,active,,
UVM-2771,2024-04-05,EC,,,,good,active,,
UVM-2772,2024-04-05,EC,,,,good,active,,
UVM-2737,2024-04-05,EC,,,,good,active,,
UVM-2733,2024-04-05,EC,,,,good,active,,
UVM-2738,2024-04-05,EC,,,,good,active,,
UVM-2732,2024-04-05,EC,,,,good,active,,
UVM-2736,2024-04-05,EC,,,,good,active,,
UVM-2735,2024-04-05,EC,,,,good,active,,
UVM-2731,2024-04-05,EC,,,,good,active,,
UVM-2730,2024-04-05,EC,,,,good,active,,
UVM-2734,2024-04-05,EC,,,,good,active,,
UVM-2724,2024-04-05,EC,,,,good,active,,
UVM-2723,2024-04-05,EC,,,,good,active,,
UVM-2786,2024-04-05,EC,,,,good,active,,
UVM-2788,2024-04-05,EC,,,,good,active,,
UVM-2787,2024-04-05,EC,,,,good,active,,
UVM-2789,2024-04-05,EC,,,,good,active,,
UVM-2790,2024-04-05,EC,,,,good,active,,
UVM-2791,2024-04-05,EC,,,,good,active,,
UVM-2706,2024-04-05,EC,,,,good,active,,
UVM-2777,2024-04-05,EC,,,,good,active,,
UVM-4594,2024-04-05,EC,,,,good,active,,
UVM-4595,2024-04-05,EC,,,,good,active,,
UVM-4596,2024-04-05,EC,,,,good,active,,
UVM-2713,2024-04-05,EC,,,,good,active,,
UVM-2717,2024-04-05,EC,,,,good,active,,
UVM-2710,2024-04-05,EC,,,,good,active,,
UVM-2718,2024-04-05,EC,,,,good,active,,
UVM-2720,2024-04-05,EC,,,,good,active,,
UVM-2719,2024-04-05,EC,,,,good,active,,
UVM-2721,2024-04-05,EC,,,,good,active,,
UVM-2729,2024-04-05,EC,,,,good,active,,
UVM-2725,2024-04-05,EC,,,,good,active,,
UVM-2728,2024-04-05,EC,,,,good,active,,
UVM-2726,2024-04-05,EC,,,,good,active,,
UVM-4597,2024-04-05,EC,,,,good,active,,
UVM-2727,2024-04-05,EC,,,,good,active,,
UVM-2722,2024-04-05,EC,,,,good,active,,
UVM-2714,2024-04-05,EC,,,,good,active,,
UVM-1941,2024-04-05,EC,,,,good,active,,
UVM-1942,2024-04-05,EC,,,,fair,active,,
UVM-1940,2024-04-05,EC,,,,good,active,,
UVM-4598,2024-04-05,EC,,,,good,active,,
UVM-4599,2024-04-05,EC,,,,good,active,,
UVM-4600,2024-04-05,EC,,,,good,active,,
UVM-4601,2024-04-05,EC,,,,good,active,,
UVM-4602,2024-04-05,EC,,,,good,active,,
UVM-4603,2024-04-05,EC,,,,good,active,,
UVM-4604,2024-04-05,EC,,,,good,active,,
UVM-2711,2024-04-05,EC,,,,good,active,,
UVM-2712,2024-04-05,EC,,,,good,active,,
UVM-4605,2024-04-05,EC,,,,good,active,,
UVM-2709,2024-04-05,EC,,,,good,active,,
UVM-4606,2024-04-05,EC,,,,good,active,,
UVM-4607,2024-04-05,EC,,,,good,active,,
UVM-2708,2024-04-05,EC,,,,good,active,,
UVM-4608,2024-04-05,EC,,,,good,active,,
UVM-4609,2024-04-05,EC,,,,good,active,,
UVM-4610,2024-04-05,EC,,,,good,active,,
UVM-2704,2024-04-05,EC,,,,good,active,,
UVM-2703,2024-04-05,EC,,,,good,active,,
UVM-2705,2024-04-05,EC,,,,good,active,,
UVM-2702,2024-04-05,EC,,,,good,active,,
UVM-4611,2024-04-06,EC,,,,good,active,,TAG DISPUTED: tag 3814 is also on UVM-3814 — check in person
UVM-1429,2024-04-16,EC,,,,good,active,,
UVM-1430,2024-04-16,EC,,,,good,active,,
UVM-4612,2024-04-23,EC,,,,good,active,,
UVM-4613,2024-04-23,EC,,,,good,active,,
UVM-4614,2024-04-23,EC,,,,good,active,,
UVM-4615,2024-04-23,EC,,,,good,active,,
UVM-4616,2024-04-23,EC,,,,good,active,,
UVM-4617,2024-04-23,EC,,,,good,active,,
UVM-4618,2024-04-23,EC,,,,good,active,,
UVM-4619,2024-04-23,EC,,,,good,active,,
UVM-4620,2024-04-23,EC,,,,good,active,,
UVM-4621,2024-04-23,EC,,,,good,active,,
UVM-4622,2024-04-23,EC,,,,good,active,,
UVM-4623,2024-04-23,EC,,,,good,active,,
UVM-4624,2024-04-23,EC,,,,good,active,,
UVM-4625,2024-04-23,EC,,,,good,active,,
UVM-4626,2024-04-23,EC,,,,good,active,,
UVM-4627,2024-04-23,EC,,,,good,active,,
UVM-4628,2024-04-23,EC,,,,good,active,,
UVM-4629,2024-04-23,EC,,,,good,active,,
UVM-4630,2024-04-23,EC,,,,fair,active,,
UVM-4631,2024-04-23,EC,,,,good,active,,
UVM-4632,2024-04-23,EC,,,,good,active,,
UVM-4633,2024-04-23,EC,,,,good,active,,
UVM-4634,2024-04-23,EC,,,,good,active,,
UVM-4635,2024-04-23,EC,,,,good,active,,
UVM-4636,2024-04-23,EC,,,,good,active,,
UVM-4637,2024-04-23,EC,,,,good,active,,
UVM-4638,2024-04-23,EC,,,,good,active,,
UVM-4639,2024-04-23,EC,,,,good,active,,
UVM-4640,2024-04-23,EC,,,,good,active,,
UVM-4641,2024-04-23,EC,,,,good,active,,
UVM-4642,2024-04-23,EC,,,,good,active,,
UVM-4643,2024-04-23,EC,,,,good,active,,
UVM-4644,2024-04-23,EC,,,,good,active,,
UVM-4645,2024-04-23,EC,,,,good,active,,
UVM-4646,2024-04-23,EC,,,,good,active,,
UVM-4647,2024-04-23,EC,,,,good,active,,
UVM-4648,2024-04-23,EC,,,,good,active,,
UVM-4649,2024-04-23,EC,,,,good,active,,
UVM-4650,2024-04-23,EC,,,,good,active,,
UVM-4651,2024-04-23,EC,,,,good,active,,
UVM-4652,2024-04-23,EC,,,,good,active,,
UVM-4653,2024-04-23,EC,,,,good,active,,
UVM-4654,2024-04-23,EC,,,,good,active,,
UVM-4655,2024-04-23,EC,,,,good,active,,
UVM-4656,2024-04-23,EC,,,,good,active,,
UVM-4657,2024-04-23,EC,,,,good,active,,
UVM-4658,2024-04-23,EC,,,,good,active,,
UVM-4659,2024-04-23,EC,,,,good,active,,
UVM-4660,2024-04-23,EC,,,,good,active,,
UVM-4661,2024-04-23,EC,,,,good,active,,
UVM-4662,2024-04-23,EC,,,,good,active,,
UVM-4663,2024-04-23,EC,,,,good,active,,
UVM-4664,2024-04-23,EC,,,,good,active,,
UVM-4665,2024-04-23,EC,,,,good,active,,
UVM-4666,2024-04-23,EC,,,,good,active,,
UVM-4667,2024-04-23,EC,,,,good,active,,
UVM-4668,2024-04-23,EC,,,,good,active,,
UVM-4669,2024-04-23,EC,,,,good,active,,
UVM-4670,2024-04-23,EC,,,,good,active,,
UVM-4671,2024-04-23,EC,,,,good,active,,
UVM-4672,2024-04-23,EC,,,,good,active,,
UVM-4673,2024-04-23,EC,,,,good,active,,
UVM-4674,2024-04-23,EC,,,,good,active,,
UVM-4675,2024-04-23,EC,,,,good,active,,
UVM-4676,2024-04-23,EC,,,,good,active,,
UVM-4677,2024-04-23,EC,,,,good,active,,
UVM-4678,2024-04-23,EC,,,,good,active,,
UVM-4679,2024-04-23,EC,,,,good,active,,
UVM-4680,2024-04-23,EC,,,,good,active,,
UVM-4681,2024-04-23,EC,,,,good,active,,
UVM-4682,2024-04-23,EC,,,,good,active,,
UVM-4683,2024-04-23,EC,,,,good,active,,
UVM-4684,2024-04-23,EC,,,,good,active,,
UVM-4685,2024-04-23,EC,,,,good,active,,
UVM-4686,2024-04-23,EC,,,,good,active,,
UVM-4687,2024-04-23,EC,,,,good,active,,
UVM-4688,2024-04-23,EC,,,,good,active,,
UVM-4689,2024-04-23,EC,,,,good,active,,
UVM-4690,2024-04-23,EC,,,,good,active,,
UVM-4691,2024-04-23,EC,,,,good,active,,
UVM-4692,2024-04-23,EC,,,,good,active,,
UVM-4693,2024-04-23,EC,,,,good,active,,
UVM-4694,2024-04-23,EC,,,,good,active,,
UVM-4695,2024-04-23,EC,,,,good,active,,
UVM-4696,2024-04-23,EC,,,,good,active,,
UVM-4697,2024-05-06,EC,,,,good,active,,
UVM-4698,2024-05-06,EC,,,,good,active,,
UVM-4699,2024-05-06,EC,,,,good,active,,
UVM-4700,2024-05-06,EC,,,,good,active,,
UVM-4701,2024-05-06,EC,,,,good,active,,
UVM-4702,2024-05-06,EC,,,,good,active,,
UVM-4703,2024-05-06,EC,,,,good,active,,
UVM-0101,2026-09-21,EMR,,,,,removed,,Gone. Bare mark on the ground where it stood; no stump left. Condition left blank rather than guessed — there was nothing there to assess.
UVM-0105,2026-09-21,EMR,,,,,active,,"TAG REPLACED: now wears tag 3497, photographed. Record deliberately left keyed to UVM-0105 — ask grounds how re-tagging works before changing any accession."
UVM-4704,2026-09-22,EMR,,,,good,active,untagged-1790110578399.webp,
UVM-4705,2026-09-22,EMR,,,,good,active,untagged-1790110492553.webp,
UVM-4706,2026-09-22,EMR,,,,excellent,active,untagged-1790110256891.webp,
UVM-4707,2026-09-22,EMR,,,,excellent,active,untagged-1790110195083.webp,
UVM-4708,2026-09-22,EMR,,,,excellent,active,untagged-1790110136334.webp,
UVM-0640,2026-09-24,,,,,good,active,untagged-1790279145970.webp,CLAIMED BY POSITION: matched to UVM-0640 from 17 m
UVM-4709,2026-09-24,,,,,excellent,active,untagged-1790279034844.webp,
UVM-4002,2026-09-24,,,,,,active,untagged-1790278696890.webp,CLAIMED BY POSITION: matched to UVM-4002 from 5 m
UVM-4711,2026-09-24,,,,,fair,active,untagged-1790278642668.webp,
UVM-4712,2026-09-24,,,,,good,active,untagged-1790278546126.webp,
UVM-4713,2026-09-24,,,,,good,active,untagged-1790278440805.webp,
UVM-4714,2026-09-24,,,,,excellent,active,untagged-1790278333011.webp,
UVM-1099,2026-09-24,,,,,,active,untagged-1790278195548.webp,CLAIMED BY POSITION: matched to UVM-1099 from 4 m
UVM-1088,2026-09-24,,,,,,active,1088-1790278034637.webp,
UVM-1083,2026-09-24,,,,,,active,1083-1790277899179.webp,
UVM-1080,2026-09-24,,,,,,active,1080-1790277784479.webp,
UVM-0731,2026-09-24,,,,,,active,untagged-1790275489223.webp,CLAIMED BY POSITION: matched to UVM-0731 from 7 m
UVM-0767,2026-09-24,,,,,,not-found,,CLAIMED BY POSITION: matched to UVM-0767 from 4 m
UVM-4006,2026-09-25,EMR,,,,excellent,active,untagged-1790366596204.webp,CLAIMED BY POSITION: matched to UVM-4006 from 16 m
UVM-0311,2026-09-25,EMR,,,,,active,untagged-1790366114061.webp,CLAIMED BY POSITION: matched to UVM-0311 from 6 m
UVM-0308,2026-09-25,EMR,,,,excellent,active,untagged-1790365877518.webp,CLAIMED BY POSITION: matched to UVM-0308 from 3 m
UVM-0307,2026-09-25,EMR,,,,excellent,active,untagged-1790365760676.webp,CLAIMED BY POSITION: matched to UVM-0307 from 2 m
UVM-0306,2026-09-25,EMR,,,,,active,untagged-1790365601980.webp,CLAIMED BY POSITION: matched to UVM-0306 from 8 m
UVM-4715,2026-09-25,EMR,,,,excellent,active,untagged-1790365491422.webp,
UVM-0304,2026-09-25,EMR,,,,excellent,active,untagged-1790365435388.webp,CLAIMED BY POSITION: matched to UVM-0304 from 2 m
